Workbook

Sheet LISTADOS TFM
B2: LISTADOS TFM / TFG | O2: V.02
V3: Cerrado
C4: TÍTULO: Máster U. en Bioinformática | V4: Abierto con comentario
C5: EDICIÓN: Octubre 25 | K5: CURSO: 25-26 | V5: Cerrado con comentario
V7: SECRETARÍA
A8: NOMBRE COMPLETO | B8: DNI | C8: E-MAIL DEL ALUMNO | D8: DIRECTOR/A TFT APELLIDO APELLIDO, NOMBRE | E8: DIRECTOR TFT APELLIDOS | F8: DIRECTOR TFT NOMBRE | G8: CORREO DIRECTOR/A | H8: TEMA TFT | I8: TÍTULO TFM / TFG | J8: Presidente/a | K8: Secretario/a | L8: Vocal | M8: FECHA DE DEFENSA | N8: HORA | O8: CALIFICACION FINAL | P8: ORIENTACIÓN | Q8: PERIODO LECTURA | R8: GRUPO | S8: TUTORIZADO SÍ/ NO | T8: Nº CREDITOS | U8: COMENTARIOS | V8: ESTADO ACTA | W8: COMENTARIO ACTA | X8: GRUPAL | Y8: Nº GRUPO
A9: Chaparro Santos, Paula Alejandra | B9: AU284013 | C9: paulachaparro65@gmail.com | D9: Vallalta Rueda, Juan Francisco | E9: =IFERROR(VLOOKUP(G9,'DATOS ASIGNACIÓN'!B:I,7,0),"") | F9: =IFERROR(VLOOKUP(G9,'DATOS ASIGNACIÓN'!B:I,6,0),"") | G9: juanfrancisco.vallalta@professor.universidadviu.com | H9: Programación Python | R9: Z
A10: Díaz Alberola, Irene | B10: 53740292X | C10: idiazalberola@gmail.com | D10: Vallalta Rueda, Juan Francisco | E10: =IFERROR(VLOOKUP(G10,'DATOS ASIGNACIÓN'!B:I,7,0),"") | F10: =IFERROR(VLOOKUP(G10,'DATOS ASIGNACIÓN'!B:I,6,0),"") | G10: juanfrancisco.vallalta@professor.universidadviu.com | H10: Programación Python | R10: Z
A11: Gutiérrez Morocho, Álvaro | B11: 12425951V | C11: omorochalvaro@gmail.com | D11: Torres Moral, Teresa | E11: =IFERROR(VLOOKUP(G11,'DATOS ASIGNACIÓN'!B:I,7,0),"") | F11: =IFERROR(VLOOKUP(G11,'DATOS ASIGNACIÓN'!B:I,6,0),"") | G11: ttorresmo@uoc.edu | H11: Metagenómica | R11: Z
A12: Lozano Zacarías, Ulises José | B12: 48763198R | C12: uliseslozano7@gmail.com | D12: Lairón Peris, Maria | E12: =IFERROR(VLOOKUP(G12,'DATOS ASIGNACIÓN'!B:I,7,0),"") | F12: =IFERROR(VLOOKUP(G12,'DATOS ASIGNACIÓN'!B:I,6,0),"") | G12: maria.lairon@professor.universidadviu.com | H12: Metataxonómica | R12: Z
A13: Machancoses Hernández, Francisco Miguel | B13: 03937142W | C13: fmachancosesh@gmail.com | D13: Díaz Vidal, Tania | E13: =IFERROR(VLOOKUP(G13,'DATOS ASIGNACIÓN'!B:I,7,0),"") | F13: =IFERROR(VLOOKUP(G13,'DATOS ASIGNACIÓN'!B:I,6,0),"") | G13: tdiazv@professor.universidadviu.com | H13: Proteómica Estructural | R13: Z
A14: Miranda González, Alejandro | B14: 03951203X | C14: ale.miranda3733@gmail.com | D14: Fraga Seijas, Carlota | E14: =IFERROR(VLOOKUP(G14,'DATOS ASIGNACIÓN'!B:I,7,0),"") | F14: =IFERROR(VLOOKUP(G14,'DATOS ASIGNACIÓN'!B:I,6,0),"") | G14: cfragas@professional.universidadviu.com | H14: Transcriptómica | R14: Z
A15: Santos Santana, Eliana Yurany | B15: 1018447296 | C15: elianasantoss23@gmail.com | D15: Lairón Peris, Maria | E15: =IFERROR(VLOOKUP(G15,'DATOS ASIGNACIÓN'!B:I,7,0),"") | F15: =IFERROR(VLOOKUP(G15,'DATOS ASIGNACIÓN'!B:I,6,0),"") | G15: maria.lairon@professor.universidadviu.com | H15: Secuenciación genómica | R15: Z
A16: Sende Pombo, Martín | B16: 45959869G | C16: msendepombo@student.universidadviu.com | D16: Sendra Ortola, Miquel | E16: =IFERROR(VLOOKUP(G16,'DATOS ASIGNACIÓN'!B:I,7,0),"") | F16: =IFERROR(VLOOKUP(G16,'DATOS ASIGNACIÓN'!B:I,6,0),"") | G16: miquel.sendra@professor.universidadviu.com | H16: Transcriptómica | R16: Z
A17: Torres Marcos, Inés | B17: 77043656G | C17: itorresm01@gmail.com | D17: Del Saz Navarro, Dulcenombre de María | E17: =IFERROR(VLOOKUP(G17,'DATOS ASIGNACIÓN'!B:I,7,0),"") | F17: =IFERROR(VLOOKUP(G17,'DATOS ASIGNACIÓN'!B:I,6,0),"") | G17: ddelsazn@professor.universidadviu.com | H17: Programación Python | R17: Z
A18: Agudin Monte, Laura | B18: 71738612W | C18: lagudinm@student.universidadviu.com | D18: Martínez Montañés, Fernando
A19: Ahmed Ahmed, Anisa | B19: 45313101L | C19: aahmeda@student.universidadviu.com | D19: Hernández Hernández, Laura
A20: Alcala Zamora Polo, Jose | B20: 32906862A | C20: jalcalazamorap@student.universidadviu.com | D20: Tobar Tosse, Henry Fabian
A21: Alemán Cabrera, Isabel María | B21: 45343421W | C21: ialemanc@student.universidadviu.com | D21: Castiñeira Reis, Marta
A22: Almazán Díaz, Laura | B22: 53664285H | C22: lalmazand@student.universidadviu.com | D22: Bigay Mercedes, Bary Georderly
A23: Alvarez Jiménez, Johana Sthefany | B23: 73431974N | C23: jalvarezjimenez@student.universidadviu.com | D23: Marín García, Pablo
A24: Andino Gualpa, Liseth Verónica | B24: A8405298 | C24: landinog@student.universidadviu.com | D24: Rubio Mangas, David
A25: Arroyo Carmona, Aurora | B25: 24496220R | C25: aarroyocarmona@student.universidadviu.com | D25: Vázquez Prieto, Severo
A26: Bahraoui Badouch, Chaimae | B26: 78770027H | C26: cbahraouib@student.universidadviu.com | D26: Castiñeira Reis, Marta
A27: Benítez López, Alicia | B27: 32904275S | C27: abenitezl@student.universidadviu.com | D27: Sendra Ortola, Miquel
A28: Berbel Menacho, Julia | B28: 17484262F | C28: jberbelm@student.universidadviu.com | D28: García Atutxa, Igor
A29: Blanco Martínez, Enol | B29: 53678224L | C29: eblancomartinez@student.universidadviu.com | D29: Guijarro Blanco, José María
A30: Brondegaard García, David | D30: Del Saz Navarro, Dulcenombre de María
A31: Burns, Millicent Grace | B31: Y0069791T | C31: mburns@student.universidadviu.com | D31: Hernández Hernández, Laura
A32: Bustamante De La Escalera, Pedro | B32: 72207420R | C32: pbustamanted@student.universidadviu.com | D32: Guijarro Blanco, José María
A33: Calero Cáceres, William Ricardo | B33: 1714348859 | C33: wcaleroc@student.universidadviu.com | D33: Valiente Parra, Nicolás
A34: Calomarde Garcia, Juan | B34: 49433155Z | C34: jcalomardeg@student.universidadviu.com | D34: Morante Palacios, Octavio
A35: Canello, Alejo | B35: 42769884 | C35: acanello@student.universidadviu.com | D35: Hernández Hernández, Laura
A36: Cardona Ferrer, Ivan | B36: 20236883B | C36: icardonaferrer@student.universidadviu.com | D36: Moldovan Moldovan, Roxana Andreea
A37: Carrillo Alarcon, Pedro | B37: 26827256X | C37: pcarrilloalarcon@student.universidadviu.com | D37: Martínez Montañés, Fernando
A38: Carrillo Garcia, Laia | B38: 48197417C | C38: lcarrillogarcia@student.universidadviu.com | D38: Bonzi, Carolina
A39: Carrion Padilla, Javier | B39: 77864244K | C39: jcarrionpadilla@student.universidadviu.com | D39: Hernández Hernández, Laura
A40: Carvalho Gil, Juan Alfredo | B40: 07177643X | C40: jcarvalhog@student.universidadviu.com | D40: Bonzi, Carolina
A41: Casero Muñoz, Luis | B41: 77860002B | C41: lcaseromunozm@student.universidadviu.com | D41: Morante Palacios, Octavio
A42: Cañizares Villalba, Sebastian Alejandro | B42: 927754945 | C42: scanizaresvillalba@student.universidadviu.com | D42: Neef, Alexander
A43: Cedeño Valencia, Melannie Ariana | B43: 1311870446 | C43: mcedenov@student.universidadviu.com | D43: Del Saz Navarro, Dulcenombre de María
A44: Cerqueira Atares, Cristina | B44: 77547046Q | C44: ccerqueiraatares@student.universidadviu.com | D44: Nieto Sachica, Juan
A45: Checa Verdugo, Pablo | B45: 49148083G | C45: pchecaverdugo@student.universidadviu.com | D45: Bigay Mercedes, Bary Georderly
A46: Chias Cabeza, Miguel | B46: 30253845J | C46: mchiasc@student.universidadviu.com | D46: Bigay Mercedes, Bary Georderly
A47: Civera Arroyo, Sergio | B47: 32730710P | C47: sciveraarroyo@student.universidadviu.com | D47: Marín García, Pablo
A48: Cordoba, Josefina Maria | B48: AAH621324 | C48: jcordoba@student.universidadviu.com | D48: Marín García, Pablo
A49: Delgado Valero, Marina | B49: 45319810N | C49: mdelgadov1@student.universidadviu.com | D49: Morante Palacios, Octavio
A50: Dominguez Vicente, Adolfo | B50: 70912104E | C50: adominguezvicente@student.universidadviu.com | D50: Fraga Seijas, Carlota
A51: Enke, Eyleen Waldtraut Ricarda | B51: C1W5K3926 | C51: eenke@student.universidadviu.com | D51: Marín García, Pablo
A52: Estrella González, María José | B52: 76632336Q | C52: viumjestrellagonzalez@gmail.com | D52: Gutiérrez Macías, Laura
A53: Fernandez Lavin, Adrian | B53: 72203919L | C53: afernandezlavin@student.universidadviu.com | D53: Sendra Ortola, Miquel
A54: Fernandez Martinez, Maria | B54: 77435284B | C54: mfernandezm5@student.universidadviu.com | D54: Vázquez Prieto, Severo
A55: Fernandez-Fígares Jimenez, Mariana del Carmen | B55: 29500376R | C55: mfernandezfigaresj@student.universidadviu.com | D55: Tobar Tosse, Henry Fabian
... A57: Galan Pulido, Juan Rafael | B57: 26595534J | C57: jgalanp1@student.universidadviu.com | D57: Bigay Mercedes, Bary Georderly
A58: Gamboa Hernandez, Claudia Marcela | B58: 1233896108 | C58: cgamboah@student.universidadviu.com | D58: Bigay Mercedes, Bary Georderly
A59: García Béjar Bermejo, Beatriz | B59: 05712294Z | C59: beatriz.garciabejar@student.universidadviu.com | D59: Valiente Parra, Nicolás
A60: García Cardona, Cristian | B60: 77128628Z | C60: cgarciac2@student.universidadviu.com | D60: Díaz Vidal, Tania
A61: Giovannini, Lorenzo | B61: CA19646HL | C61: lgiovannini@student.universidadviu.com | D61: Morante Palacios, Octavio
A62: Gomez Collado, David | B62: 07255681D | C62: dgomezcollado@student.universidadviu.com | D62: García Atutxa, Igor
A63: Gonzalez Fernandez, Virginia | B63: 71935088N | C63: vgonzalezf1@student.universidadviu.com | D63: Bigay Mercedes, Bary Georderly
A64: González De La Cruz, Gustavo | B64: N04531244 | C64: ggonzalezdelacruz@student.universidadviu.com | D64: Fraga Seijas, Carlota
A65: González Moreno, Rubén | B65: 71965407V | C65: rgonzalezm2@student.universidadviu.co | D65: Sabater Olivas, Laura
A66: Gutiérrez Castañeda, Luz Dary | B66: 52329634 | C66: lgutierrezc@student.universidadviu.com | D66: Sabater Olivas, Laura
A67: Hicham Polo, Mohammad | B67: 21770550S | C67: mhichampolo@student.universidadviu.com | D67: Vázquez Prieto, Severo
A68: Idiaquez Ortega, Teresa | B68: 72538455C | C68: tidiaquezortega@student.universidadviu.com | D68: Bigay Mercedes, Bary Georderly
A69: Iserte Puchol, Martín | B69: 20957509R | C69: misertep@student.universidadviu.com | D69: Cartas Cejudo, Paz
A70: Issa Garcia, Jousef Angel | B70: 47461932Y | C70: jissag@student.universidadviu.com | D70: Marín García, Pablo
A71: Jalba Staver, Laurentiu | B71: 09242613V | C71: ljalbas@student.universidadviu.com | D71: Hernández Hernández, Laura
A72: Juárez Rodenas, Luz | B72: 23853012B | C72: ljuarezrodenas@student.universidadviu.com | D72: Torres Moral, Teresa
A73: Labrador Miguel, Patricia | B73: 05454778Y | C73: plabradormiguel@student.universidadviu.com | D73: Cartas Cejudo, Paz
A74: Lalaleo Córdova, Liliana Paulina | B74: 1803601853 | C74: llalaleoc@student.universidadviu.com | D74: Del Saz Navarro, Dulcenombre de María
A75: Lerma Juarez, Miguel Angel | B75: 77139839R | C75: mlermaj@student.universidadviu.com | D75: López Zaplana, Álvaro
A76: Llinares Frende, Pablo | B76: 77928447P | D76: Rubio Mangas, David
A77: Lorenze, Carla | B77: Z2412003K | C77: clorenze@student.universidadviu.com | D77: Vázquez Prieto, Severo
A78: Lucero Cumbe, Joseline Paola | B78: 106407737 | C78: jlucerocumbe@student.universidadviu.com | D78: Valiente Parra, Nicolás
A79: López Marante, Sonia María | B79: 44660547K | C79: slopezm6@student.universidadviu.com | D79: Hernández Hernández, Laura
A80: Madina Louisa Sarrah, Zelbouni | B80: Y8257724W | C80: mzelbouni@student.universidadviu.com | D80: Fraga Seijas, Carlota
A81: Marques Pascual, Gibet | B81: 41749341V | C81: gmarquespascual@student.universidadviu.com | D81: Valiente Parra, Nicolás
A82: Marques Trujillo, Fabiola Isabel | B82: PA0028509 | C82: fmarques@student.universidadviu.com | D82: Fraga Seijas, Carlota
A83: Marrugo Padilla, Albeiro Manuel | B83: 1047457972 | D83: Del Saz Navarro, Dulcenombre de María
A84: Martín Sabuco, Álvaro | B84: 29217271A | C84: amartins1@student.universidadviu.com | D84: Rubio Mangas, David
A85: Mataix Martínez-Palafox, Bartolome | B85: 15424033A | D85: Rubio Mangas, David
A86: Merino Díaz, Álvaro | B86: 54222521K | C86: amerinodiaz@student.universidadviu.com | D86: Cartas Cejudo, Paz
A87: Millán Guavita, Hernán Darío | B87: 1121966658 | C87: hmillang@student.universidadviu.com | D87: Marín García, Pablo
A88: Molina Benjumea, Tomas | B88: 1036686104 | C88: tmolinab@student.universidadviu.com | D88: Bonzi, Carolina
A89: Moncada Martins, Carlos | B89: 51706598E | C89: cmoncadamartins@student.universidadviu.com | D89: Bigay Mercedes, Bary Georderly
A90: Mondragón Galindo, Valentina | B90: 1014310188 | C90: vmondragong@student.universidadviu.com | D90: Nieto Sachica, Juan
A91: Moreno Castellanos, Natalia Rocío | B91: 1018404695 | C91: natalia.moreno1@student.universidadviu.com | D91: Torres Moral, Teresa
A92: Moreno Lanceta, Andoni | B92: 44335768W | C92: amorenolanceta@student.universidadviu.com | D92: Vázquez Prieto, Severo
A93: Muñoz Luque, Laura | B93: 77175705X | C93: lmunozl1@student.universidadviu.com | D93: Zúñiga Trejos, Sheila
A94: Noy Pinzón, Stefany Andrea | B94: BE781529 | C94: snoypinzon@student.universidadviu.com | D94: García Atutxa, Igor
A95: Ortiz Alameda, Laura | B95: 48777030X | C95: lortiza@student.universidadviu.com | D95: Bonzi, Carolina
A96: Ovejero Romero, Pablo | B96: 51703714J | C96: povejeror@student.universidadviu.com | D96: Díaz Vidal, Tania
A97: Palau Gallinat, Didac Nestor | B97: 47981470C | C97: dpalaug@student.universidadviu.com | D97: Hernández Hernández, Laura
A98: Pelaez Sánchez, Jaime | B98: 71995053Q | C98: jpelaezsanchez@student.universidadviu.com | D98: Guijarro Blanco, José María
A99: Perez Gonzalez, Sara | B99: 71733956S | C99: sperezgonzalez@student.universidadviu.com | D99: Morante Palacios, Octavio
A100: Peña Pachacama, Jessica Paola | B100: 1723955777 | C100: jessica.pena@student.universidadviu.com | D100: Del Saz Navarro, Dulcenombre de María
A101: Polo Oltra, Ángela | B101: 48154592K | C101: apoloo@student.universidadviu.com | D101: Hernández Hernández, Laura
A102: Puga González, Sofía | B102: 71750278F | C102: spugag@student.universidadviu.com | D102: Tobar Tosse, Henry Fabian
A103: Pérez Miranda, Sabina | B103: 53522912A | C103: sperezmiranda@student.universidadviu.com | D103: Neef, Alexander
...

Sheet DATOS ASIGNACIÓN
B4: Apellido Apellido, Nombre | C4: Número de TFT para asignar | D4: Número de TFT Asignados | E4: DNI | F4: VINCULACIÓN | G4: NOMBRE | H4: APELLIDOS | I4: CORREO | T4: Tribunal
B5: {=_xlfn.UNIQUE(S5:S1300)} | S5: =IF('[1]REGISTRO ECTS TFT'!$J10>0,'[1]REGISTRO ECTS TFT'!$B10,"") | T5: ='[2]DATOS DOCENTES'!$D4 -> Abad Villaverde, Beatriz
B6: Castiñeira Reis, Marta | C6: =VLOOKUP(B6,'[1]REGISTRO ECTS TFT'!$B:$AD,9,0) -> 3 | D6: =COUNTIF('LISTADOS TFM'!D$9:D$502,'DATOS ASIGNACIÓN'!B6) -> 3 | E6: =VLOOKUP(B6,'[2]DATOS DOCENTES'!$D:$AI,32,0) -> 35579937H | F6: =VLOOKUP(E6,'[2]DATOS DOCENTES'!$A:$M,13,0) -> Labour | G6: =VLOOKUP(E6,'[2]DATOS DOCENTES'!$A:$F,3,0) -> Marta | H6: =VLOOKUP(E6,'[2]DATOS DOCENTES'!$A:$F,2,0) -> Castiñeira Reis | I6: =VLOOKUP(E6,'[2]DATOS DOCENTES'!$A:$F,6,0) -> mcastineirasr@professor.universidadviu.com | S6: =IF('[1]REGISTRO ECTS TFT'!$J11>0,'[1]REGISTRO ECTS TFT'!$B11,"") | T6: ='[2]DATOS DOCENTES'!$D5 -> Abalo Rodríguez, Inés
B7: Del Saz Navarro, Dulcenombre de María | C7: =VLOOKUP(B7,'[1]REGISTRO ECTS TFT'!$B:$AD,9,0) -> 10 | D7: =COUNTIF('LISTADOS TFM'!D$9:D$502,'DATOS ASIGNACIÓN'!B7) -> 9 | E7: =VLOOKUP(B7,'[2]DATOS DOCENTES'!$D:$AI,32,0) -> 53344676V | F7: =VLOOKUP(E7,'[2]DATOS DOCENTES'!$A:$M,13,0) -> Labour | G7: =VLOOKUP(E7,'[2]DATOS DOCENTES'!$A:$F,3,0) -> Dulcenombre de María | H7: =VLOOKUP(E7,'[2]DATOS DOCENTES'!$A:$F,2,0) -> Del Saz Navarro | I7: =VLOOKUP(E7,'[2]DATOS DOCENTES'!$A:$F,6,0) -> ddelsazn@professor.universidadviu.com | S7: =IF('[1]REGISTRO ECTS TFT'!$J12>0,'[1]REGISTRO ECTS TFT'!$B12,"") | T7: ='[2]DATOS DOCENTES'!$D6 -> Abarca Sos, Alberto
B8: Díaz Vidal, Tania | C8: =VLOOKUP(B8,'[1]REGISTRO ECTS TFT'!$B:$AD,9,0) -> 3 | D8: =COUNTIF('LISTADOS TFM'!D$9:D$502,'DATOS ASIGNACIÓN'!B8) -> 3 | E8: =VLOOKUP(B8,'[2]DATOS DOCENTES'!$D:$AI,32,0) -> 47772101C | F8: =VLOOKUP(E8,'[2]DATOS DOCENTES'!$A:$M,13,0) -> Labour | G8: =VLOOKUP(E8,'[2]DATOS DOCENTES'!$A:$F,3,0) -> Tania | H8: =VLOOKUP(E8,'[2]DATOS DOCENTES'!$A:$F,2,0) -> Díaz Vidal | I8: =VLOOKUP(E8,'[2]DATOS DOCENTES'!$A:$F,6,0) -> tdiazv@professor.universidadviu.com | S8: =IF('[1]REGISTRO ECTS TFT'!$J13>0,'[1]REGISTRO ECTS TFT'!$B13,"") | T8: ='[2]DATOS DOCENTES'!$D7 -> Abarca Torralba, Mari Carmen
B9: Gutiérrez Macías, Laura | C9: =VLOOKUP(B9,'[1]REGISTRO ECTS TFT'!$B:$AD,9,0) -> 2 | D9: =COUNTIF('LISTADOS TFM'!D$9:D$502,'DATOS ASIGNACIÓN'!B9) -> 2 | E9: =VLOOKUP(B9,'[2]DATOS DOCENTES'!$D:$AI,32,0) -> 71451984T | F9: =VLOOKUP(E9,'[2]DATOS DOCENTES'!$A:$M,13,0) -> Labour | G9: =VLOOKUP(E9,'[2]DATOS DOCENTES'!$A:$F,3,0) -> Laura | H9: =VLOOKUP(E9,'[2]DATOS DOCENTES'!$A:$F,2,0) -> Gutiérrez Macías | I9: =VLOOKUP(E9,'[2]DATOS DOCENTES'!$A:$F,6,0) -> laura.gutierrez.m@professor.universidadviu.com | S9: =IF('[1]REGISTRO ECTS TFT'!$J14>0,'[1]REGISTRO ECTS TFT'!$B14,"") | T9: ='[2]DATOS DOCENTES'!$D8 -> Abellán Sánchez, María del Rosario
B10: Lairón Peris, Maria | C10: =VLOOKUP(B10,'[1]REGISTRO ECTS TFT'!$B:$AD,9,0) -> 2 | D10: =COUNTIF('LISTADOS TFM'!D$9:D$502,'DATOS ASIGNACIÓN'!B10) -> 2 | E10: =VLOOKUP(B10,'[2]DATOS DOCENTES'!$D:$AI,32,0) -> 20858109F | F10: =VLOOKUP(E10,'[2]DATOS DOCENTES'!$A:$M,13,0) -> Labour | G10: =VLOOKUP(E10,'[2]DATOS DOCENTES'!$A:$F,3,0) -> Maria | H10: =VLOOKUP(E10,'[2]DATOS DOCENTES'!$A:$F,2,0) -> Lairón Peris | I10: =VLOOKUP(E10,'[2]DATOS DOCENTES'!$A:$F,6,0) -> maria.lairon@professor.universidadviu.com | S10: =IF('[1]REGISTRO ECTS TFT'!$J15>0,'[1]REGISTRO ECTS TFT'!$B15,"") | T10: ='[2]DATOS DOCENTES'!$D9 -> Abia Holgado, David Ángel
B11: Pedrero Tomé, Roberto | C11: =VLOOKUP(B11,'[1]REGISTRO ECTS TFT'!$B:$AD,9,0) -> 4 | D11: =COUNTIF('LISTADOS TFM'!D$9:D$502,'DATOS ASIGNACIÓN'!B11) -> 0 | E11: =VLOOKUP(B11,'[2]DATOS DOCENTES'!$D:$AI,32,0) -> 53804408W | F11: =VLOOKUP(E11,'[2]DATOS DOCENTES'!$A:$M,13,0) -> Labour | G11: =VLOOKUP(E11,'[2]DATOS DOCENTES'!$A:$F,3,0) -> Roberto | H11: =VLOOKUP(E11,'[2]DATOS DOCENTES'!$A:$F,2,0) -> Pedrero Tomé | I11: =VLOOKUP(E11,'[2]DATOS DOCENTES'!$A:$F,6,0) -> rpedrerot@professor.universidadviu.com | S11: =IF('[1]REGISTRO ECTS TFT'!$J16>0,'[1]REGISTRO ECTS TFT'!$B16,"") | T11: ='[2]DATOS DOCENTES'!$D10 -> Acebes Andreu, Félix
B12: Rubio Mangas, David | C12: =VLOOKUP(B12,'[1]REGISTRO ECTS TFT'!$B:$AD,9,0) -> 4 | D12: =COUNTIF('LISTADOS TFM'!D$9:D$502,'DATOS ASIGNACIÓN'!B12) -> 4 | E12: =VLOOKUP(B12,'[2]DATOS DOCENTES'!$D:$AI,32,0) -> 53477696M | F12: =VLOOKUP(E12,'[2]DATOS DOCENTES'!$A:$M,13,0) -> Labour | G12: =VLOOKUP(E12,'[2]DATOS DOCENTES'!$A:$F,3,0) -> David | H12: =VLOOKUP(E12,'[2]DATOS DOCENTES'!$A:$F,2,0) -> Rubio Mangas | I12: =VLOOKUP(E12,'[2]DATOS DOCENTES'!$A:$F,6,0) -> drubiom@professor.universidadviu.com | S12: =IF('[1]REGISTRO ECTS TFT'!$J17>0,'[1]REGISTRO ECTS TFT'!$B17,"") | T12: ='[2]DATOS DOCENTES'!$D11 -> Acebes Sánchez, Jorge
B13: Sendra Ortola, Miquel | C13: =VLOOKUP(B13,'[1]REGISTRO ECTS TFT'!$B:$AD,9,0) -> 6 | D13: =COUNTIF('LISTADOS TFM'!D$9:D$502,'DATOS ASIGNACIÓN'!B13) -> 6 | E13: =VLOOKUP(B13,'[2]DATOS DOCENTES'!$D:$AI,32,0) -> 48671191V | F13: =VLOOKUP(E13,'[2]DATOS DOCENTES'!$A:$M,13,0) -> Labour | G13: =VLOOKUP(E13,'[2]DATOS DOCENTES'!$A:$F,3,0) -> Miquel | H13: =VLOOKUP(E13,'[2]DATOS DOCENTES'!$A:$F,2,0) -> Sendra Ortola | I13: =VLOOKUP(E13,'[2]DATOS DOCENTES'!$A:$F,6,0) -> miquel.sendra@professor.universidadviu.com | S13: =IF('[1]REGISTRO ECTS TFT'!$J18>0,'[1]REGISTRO ECTS TFT'!$B18,"") | T13: ='[2]DATOS DOCENTES'!$D12 -> Aceituno Solís, Javier
B14: Soler Vila, Paula | C14: =VLOOKUP(B14,'[1]REGISTRO ECTS TFT'!$B:$AD,9,0) -> 4 | D14: =COUNTIF('LISTADOS TFM'!D$9:D$502,'DATOS ASIGNACIÓN'!B14) -> 0 | E14: =VLOOKUP(B14,'[2]DATOS DOCENTES'!$D:$AI,32,0) -> 48294021R | F14: =VLOOKUP(E14,'[2]DATOS DOCENTES'!$A:$M,13,0) -> Labour | G14: =VLOOKUP(E14,'[2]DATOS DOCENTES'!$A:$F,3,0) -> Paula | H14: =VLOOKUP(E14,'[2]DATOS DOCENTES'!$A:$F,2,0) -> Soler Vila | I14: =VLOOKUP(E14,'[2]DATOS DOCENTES'!$A:$F,6,0) -> paula.solerv@professor.universidadviu.com | S14: =IF('[1]REGISTRO ECTS TFT'!$J19>0,'[1]REGISTRO ECTS TFT'!$B19,"") | T14: ='[2]DATOS DOCENTES'!$D13 -> Acha Durán, María Nieves
B15: Torres Moral, Teresa | C15: =VLOOKUP(B15,'[1]REGISTRO ECTS TFT'!$B:$AD,9,0) -> 4 | D15: =COUNTIF('LISTADOS TFM'!D$9:D$502,'DATOS ASIGNACIÓN'!B15) -> 4 | E15: =VLOOKUP(B15,'[2]DATOS DOCENTES'!$D:$AI,32,0) -> 47926664T | F15: =VLOOKUP(E15,'[2]DATOS DOCENTES'!$A:$M,13,0) -> Labour | G15: =VLOOKUP(E15,'[2]DATOS DOCENTES'!$A:$F,3,0) -> Teresa | H15: =VLOOKUP(E15,'[2]DATOS DOCENTES'!$A:$F,2,0) -> Torres Moral | I15: =VLOOKUP(E15,'[2]DATOS DOCENTES'!$A:$F,6,0) -> ttorresm@professor.universidadviu.com | S15: =IF('[1]REGISTRO ECTS TFT'!$J20>0,'[1]REGISTRO ECTS TFT'!$B20,"") | T15: ='[2]DATOS DOCENTES'!$D14 -> Acosta González, Paola
B16: Vallalta Rueda, Juan Francisco | C16: =VLOOKUP(B16,'[1]REGISTRO ECTS TFT'!$B:$AD,9,0) -> 2 | D16: =COUNTIF('LISTADOS TFM'!D$9:D$502,'DATOS ASIGNACIÓN'!B16) -> 2 | E16: =VLOOKUP(B16,'[2]DATOS DOCENTES'!$D:$AI,32,0) -> 25126556E | F16: =VLOOKUP(E16,'[2]DATOS DOCENTES'!$A:$M,13,0) -> Labour | G16: =VLOOKUP(E16,'[2]DATOS DOCENTES'!$A:$F,3,0) -> Juan Francisco | H16: =VLOOKUP(E16,'[2]DATOS DOCENTES'!$A:$F,2,0) -> Vallalta Rueda | I16: =VLOOKUP(E16,'[2]DATOS DOCENTES'!$A:$F,6,0) -> juanfrancisco.vallalta@professor.universidadviu.com | S16: =IF('[1]REGISTRO ECTS TFT'!$J21>0,'[1]REGISTRO ECTS TFT'!$B21,"") | T16: ='[2]DATOS DOCENTES'!$D15 -> Acosta Herrera, Marialbert
B17: Bigay Mercedes, Bary Georderly | C17: =VLOOKUP(B17,'[1]REGISTRO ECTS TFT'!$B:$AD,9,0) -> 9 | D17: =COUNTIF('LISTADOS TFM'!D$9:D$502,'DATOS ASIGNACIÓN'!B17) -> 9 | E17: =VLOOKUP(B17,'[2]DATOS DOCENTES'!$D:$AI,32,0) -> 40213993831 | F17: =VLOOKUP(E17,'[2]DATOS DOCENTES'!$A:$M,13,0) -> Professional | G17: =VLOOKUP(E17,'[2]DATOS DOCENTES'!$A:$F,3,0) -> Bary Georderly | H17: =VLOOKUP(E17,'[2]DATOS DOCENTES'!$A:$F,2,0) -> Bigay Mercedes | I17: =VLOOKUP(E17,'[2]DATOS DOCENTES'!$A:$F,6,0) -> bbigaym@professional.universidadviu.com | S17: =IF('[1]REGISTRO ECTS TFT'!$J22>0,'[1]REGISTRO ECTS TFT'!$B22,"") | T17: ='[2]DATOS DOCENTES'!$D16 -> Acosta Pérez, Irene
... B37: Zúñiga Trejos, Sheila | C37: =VLOOKUP(B37,'[1]REGISTRO ECTS TFT'!$B:$AD,9,0) -> 2 | D37: =COUNTIF('LISTADOS TFM'!D$9:D$502,'DATOS ASIGNACIÓN'!B37) -> 2 | E37: =VLOOKUP(B37,'[2]DATOS DOCENTES'!$D:$AI,32,0) -> 70874038K | F37: =VLOOKUP(E37,'[2]DATOS DOCENTES'!$A:$M,13,0) -> Professional | G37: =VLOOKUP(E37,'[2]DATOS DOCENTES'!$A:$F,3,0) -> Sheila | H37: =VLOOKUP(E37,'[2]DATOS DOCENTES'!$A:$F,2,0) -> Zúñiga Trejos | I37: =VLOOKUP(E37,'[2]DATOS DOCENTES'!$A:$F,6,0) -> sheila.zuniga@professional.universidadviu.com | S37: =IF('[1]REGISTRO ECTS TFT'!$J42>0,'[1]REGISTRO ECTS TFT'!$B42,"") | T37: ='[2]DATOS DOCENTES'!$D36 -> Aliño Costa, Marta
C38: =VLOOKUP(B38,'[1]REGISTRO ECTS TFT'!$B:$AD,9,0) -> #N/A | D38: =COUNTIF('LISTADOS TFM'!D$9:D$502,'DATOS ASIGNACIÓN'!B38) -> 0 | E38: =VLOOKUP(B38,'[2]DATOS DOCENTES'!$D:$AI,32,0) -> #N/A | F38: =VLOOKUP(E38,'[2]DATOS DOCENTES'!$A:$M,13,0) -> #N/A | G38: =VLOOKUP(E38,'[2]DATOS DOCENTES'!$A:$F,3,0) -> #N/A | H38: =VLOOKUP(E38,'[2]DATOS DOCENTES'!$A:$F,2,0) -> #N/A | I38: =VLOOKUP(E38,'[2]DATOS DOCENTES'!$A:$F,6,0) -> #N/A | S38: =IF('[1]REGISTRO ECTS TFT'!$J43>0,'[1]REGISTRO ECTS TFT'!$B43,"") | T38: ='[2]DATOS DOCENTES'!$D37 -> Almaraz Morocho, David
C39: =VLOOKUP(B39,'[1]REGISTRO ECTS TFT'!$B:$AD,9,0) -> #N/A | D39: =COUNTIF('LISTADOS TFM'!D$9:D$502,'DATOS ASIGNACIÓN'!B39) -> 0 | E39: =VLOOKUP(B39,'[2]DATOS DOCENTES'!$D:$AI,32,0) -> #N/A | F39: =VLOOKUP(E39,'[2]DATOS DOCENTES'!$A:$M,13,0) -> #N/A | G39: =VLOOKUP(E39,'[2]DATOS DOCENTES'!$A:$F,3,0) -> #N/A | H39: =VLOOKUP(E39,'[2]DATOS DOCENTES'!$A:$F,2,0) -> #N/A | I39: =VLOOKUP(E39,'[2]DATOS DOCENTES'!$A:$F,6,0) -> #N/A | S39: =IF('[1]REGISTRO ECTS TFT'!$J44>0,'[1]REGISTRO ECTS TFT'!$B44,"") | T39: ='[2]DATOS DOCENTES'!$D38 -> Almeida Toledano, Laura
C40: =VLOOKUP(B40,'[1]REGISTRO ECTS TFT'!$B:$AD,9,0) -> #N/A | D40: =COUNTIF('LISTADOS TFM'!D$9:D$502,'DATOS ASIGNACIÓN'!B40) -> 0 | E40: =VLOOKUP(B40,'[2]DATOS DOCENTES'!$D:$AI,32,0) -> #N/A | F40: =VLOOKUP(E40,'[2]DATOS DOCENTES'!$A:$M,13,0) -> #N/A | G40: =VLOOKUP(E40,'[2]DATOS DOCENTES'!$A:$F,3,0) -> #N/A | H40: =VLOOKUP(E40,'[2]DATOS DOCENTES'!$A:$F,2,0) -> #N/A | I40: =VLOOKUP(E40,'[2]DATOS DOCENTES'!$A:$F,6,0) -> #N/A | S40: =IF('[1]REGISTRO ECTS TFT'!$J45>0,'[1]REGISTRO ECTS TFT'!$B45,"") | T40: ='[2]DATOS DOCENTES'!$D39 -> Alonso del Real Arias, Javier
C41: =VLOOKUP(B41,'[1]REGISTRO ECTS TFT'!$B:$AD,9,0) -> #N/A | D41: =COUNTIF('LISTADOS TFM'!D$9:D$502,'DATOS ASIGNACIÓN'!B41) -> 0 | E41: =VLOOKUP(B41,'[2]DATOS DOCENTES'!$D:$AI,32,0) -> #N/A | F41: =VLOOKUP(E41,'[2]DATOS DOCENTES'!$A:$M,13,0) -> #N/A | G41: =VLOOKUP(E41,'[2]DATOS DOCENTES'!$A:$F,3,0) -> #N/A | H41: =VLOOKUP(E41,'[2]DATOS DOCENTES'!$A:$F,2,0) -> #N/A | I41: =VLOOKUP(E41,'[2]DATOS DOCENTES'!$A:$F,6,0) -> #N/A | S41: =IF('[1]REGISTRO ECTS TFT'!$J46>0,'[1]REGISTRO ECTS TFT'!$B46,"") | T41: ='[2]DATOS DOCENTES'!$D40 -> Alonso Guillén, María Sandra
C42: =VLOOKUP(B42,'[1]REGISTRO ECTS TFT'!$B:$AD,9,0) -> #N/A | D42: =COUNTIF('LISTADOS TFM'!D$9:D$502,'DATOS ASIGNACIÓN'!B42) -> 0 | E42: =VLOOKUP(B42,'[2]DATOS DOCENTES'!$D:$AI,32,0) -> #N/A | F42: =VLOOKUP(E42,'[2]DATOS DOCENTES'!$A:$M,13,0) -> #N/A | G42: =VLOOKUP(E42,'[2]DATOS DOCENTES'!$A:$F,3,0) -> #N/A | H42: =VLOOKUP(E42,'[2]DATOS DOCENTES'!$A:$F,2,0) -> #N/A | I42: =VLOOKUP(E42,'[2]DATOS DOCENTES'!$A:$F,6,0) -> #N/A | S42: =IF('[1]REGISTRO ECTS TFT'!$J47>0,'[1]REGISTRO ECTS TFT'!$B47,"") | T42: ='[2]DATOS DOCENTES'!$D41 -> Alonso Riera, María Ángeles
C43: =VLOOKUP(B43,'[1]REGISTRO ECTS TFT'!$B:$AD,9,0) -> #N/A | D43: =COUNTIF('LISTADOS TFM'!D$9:D$502,'DATOS ASIGNACIÓN'!B43) -> 0 | E43: =VLOOKUP(B43,'[2]DATOS DOCENTES'!$D:$AI,32,0) -> #N/A | F43: =VLOOKUP(E43,'[2]DATOS DOCENTES'!$A:$M,13,0) -> #N/A | G43: =VLOOKUP(E43,'[2]DATOS DOCENTES'!$A:$F,3,0) -> #N/A | H43: =VLOOKUP(E43,'[2]DATOS DOCENTES'!$A:$F,2,0) -> #N/A | I43: =VLOOKUP(E43,'[2]DATOS DOCENTES'!$A:$F,6,0) -> #N/A | S43: =IF('[1]REGISTRO ECTS TFT'!$J48>0,'[1]REGISTRO ECTS TFT'!$B48,"") | T43: ='[2]DATOS DOCENTES'!$D42 -> Alonso Sanz, Ángel María
C44: =VLOOKUP(B44,'[1]REGISTRO ECTS TFT'!$B:$AD,9,0) -> #N/A | D44: =COUNTIF('LISTADOS TFM'!D$9:D$502,'DATOS ASIGNACIÓN'!B44) -> 0 | E44: =VLOOKUP(B44,'[2]DATOS DOCENTES'!$D:$AI,32,0) -> #N/A | F44: =VLOOKUP(E44,'[2]DATOS DOCENTES'!$A:$M,13,0) -> #N/A | G44: =VLOOKUP(E44,'[2]DATOS DOCENTES'!$A:$F,3,0) -> #N/A | H44: =VLOOKUP(E44,'[2]DATOS DOCENTES'!$A:$F,2,0) -> #N/A | I44: =VLOOKUP(E44,'[2]DATOS DOCENTES'!$A:$F,6,0) -> #N/A | S44: =IF('[1]REGISTRO ECTS TFT'!$J49>0,'[1]REGISTRO ECTS TFT'!$B49,"") | T44: ='[2]DATOS DOCENTES'!$D43 -> Alonso Vaquerizo, Irene
C45: =VLOOKUP(B45,'[1]REGISTRO ECTS TFT'!$B:$AD,9,0) -> #N/A | D45: =COUNTIF('LISTADOS TFM'!D$9:D$502,'DATOS ASIGNACIÓN'!B45) -> 0 | E45: =VLOOKUP(B45,'[2]DATOS DOCENTES'!$D:$AI,32,0) -> #N/A | F45: =VLOOKUP(E45,'[2]DATOS DOCENTES'!$A:$M,13,0) -> #N/A | G45: =VLOOKUP(E45,'[2]DATOS DOCENTES'!$A:$F,3,0) -> #N/A | H45: =VLOOKUP(E45,'[2]DATOS DOCENTES'!$A:$F,2,0) -> #N/A | I45: =VLOOKUP(E45,'[2]DATOS DOCENTES'!$A:$F,6,0) -> #N/A | S45: =IF('[1]REGISTRO ECTS TFT'!$J50>0,'[1]REGISTRO ECTS TFT'!$B50,"") -> Gutiérrez Macías, Laura | T45: ='[2]DATOS DOCENTES'!$D44 -> Alvarado Muñoz-Quiros, Ayla María
C46: =VLOOKUP(B46,'[1]REGISTRO ECTS TFT'!$B:$AD,9,0) -> #N/A | D46: =COUNTIF('LISTADOS TFM'!D$9:D$502,'DATOS ASIGNACIÓN'!B46) -> 0 | E46: =VLOOKUP(B46,'[2]DATOS DOCENTES'!$D:$AI,32,0) -> #N/A | F46: =VLOOKUP(E46,'[2]DATOS DOCENTES'!$A:$M,13,0) -> #N/A | G46: =VLOOKUP(E46,'[2]DATOS DOCENTES'!$A:$F,3,0) -> #N/A | H46: =VLOOKUP(E46,'[2]DATOS DOCENTES'!$A:$F,2,0) -> #N/A | I46: =VLOOKUP(E46,'[2]DATOS DOCENTES'!$A:$F,6,0) -> #N/A | S46: =IF('[1]REGISTRO ECTS TFT'!$J51>0,'[1]REGISTRO ECTS TFT'!$B51,"") | T46: ='[2]DATOS DOCENTES'!$D45 -> Alvarenga Capurró, Claudia Beatriz
C47: =VLOOKUP(B47,'[1]REGISTRO ECTS TFT'!$B:$AD,9,0) -> #N/A | D47: =COUNTIF('LISTADOS TFM'!D$9:D$502,'DATOS ASIGNACIÓN'!B47) -> 0 | E47: =VLOOKUP(B47,'[2]DATOS DOCENTES'!$D:$AI,32,0) -> #N/A | F47: =VLOOKUP(E47,'[2]DATOS DOCENTES'!$A:$M,13,0) -> #N/A | G47: =VLOOKUP(E47,'[2]DATOS DOCENTES'!$A:$F,3,0) -> #N/A | H47: =VLOOKUP(E47,'[2]DATOS DOCENTES'!$A:$F,2,0) -> #N/A | I47: =VLOOKUP(E47,'[2]DATOS DOCENTES'!$A:$F,6,0) -> #N/A | S47: =IF('[1]REGISTRO ECTS TFT'!$J52>0,'[1]REGISTRO ECTS TFT'!$B52,"") | T47: ='[2]DATOS DOCENTES'!$D46 -> Álvarez de Toledo Blandon, María de la Paloma
C48: =VLOOKUP(B48,'[1]REGISTRO ECTS TFT'!$B:$AD,9,0) -> #N/A | D48: =COUNTIF('LISTADOS TFM'!D$9:D$502,'DATOS ASIGNACIÓN'!B48) -> 0 | E48: =VLOOKUP(B48,'[2]DATOS DOCENTES'!$D:$AI,32,0) -> #N/A | F48: =VLOOKUP(E48,'[2]DATOS DOCENTES'!$A:$M,13,0) -> #N/A | G48: =VLOOKUP(E48,'[2]DATOS DOCENTES'!$A:$F,3,0) -> #N/A | H48: =VLOOKUP(E48,'[2]DATOS DOCENTES'!$A:$F,2,0) -> #N/A | I48: =VLOOKUP(E48,'[2]DATOS DOCENTES'!$A:$F,6,0) -> #N/A | S48: =IF('[1]REGISTRO ECTS TFT'!$J53>0,'[1]REGISTRO ECTS TFT'!$B53,"") | T48: ='[2]DATOS DOCENTES'!$D47 -> Álvarez Ferradas, Carla
C49: =VLOOKUP(B49,'[1]REGISTRO ECTS TFT'!$B:$AD,9,0) -> #N/A | D49: =COUNTIF('LISTADOS TFM'!D$9:D$502,'DATOS ASIGNACIÓN'!B49) -> 0 | E49: =VLOOKUP(B49,'[2]DATOS DOCENTES'!$D:$AI,32,0) -> #N/A | F49: =VLOOKUP(E49,'[2]DATOS DOCENTES'!$A:$M,13,0) -> #N/A | G49: =VLOOKUP(E49,'[2]DATOS DOCENTES'!$A:$F,3,0) -> #N/A | H49: =VLOOKUP(E49,'[2]DATOS DOCENTES'!$A:$F,2,0) -> #N/A | I49: =VLOOKUP(E49,'[2]DATOS DOCENTES'!$A:$F,6,0) -> #N/A | S49: =IF('[1]REGISTRO ECTS TFT'!$J54>0,'[1]REGISTRO ECTS TFT'!$B54,"") | T49: ='[2]DATOS DOCENTES'!$D48 -> Álvarez Monsalve, Elisa
... C54: =VLOOKUP(B54,'[1]REGISTRO ECTS TFT'!$B:$AD,9,0) -> #N/A | D54: =COUNTIF('LISTADOS TFM'!D$9:D$502,'DATOS ASIGNACIÓN'!B54) -> 0 | E54: =VLOOKUP(B54,'[2]DATOS DOCENTES'!$D:$AI,32,0) -> #N/A | F54: =VLOOKUP(E54,'[2]DATOS DOCENTES'!$A:$M,13,0) -> #N/A | G54: =VLOOKUP(E54,'[2]DATOS DOCENTES'!$A:$F,3,0) -> #N/A | H54: =VLOOKUP(E54,'[2]DATOS DOCENTES'!$A:$F,2,0) -> #N/A | I54: =VLOOKUP(E54,'[2]DATOS DOCENTES'!$A:$F,6,0) -> #N/A | S54: =IF('[1]REGISTRO ECTS TFT'!$J59>0,'[1]REGISTRO ECTS TFT'!$B59,"") | T54: ='[2]DATOS DOCENTES'!$D53 -> Amor González, Antonio Manuel
C55: =VLOOKUP(B55,'[1]REGISTRO ECTS TFT'!$B:$AD,9,0) -> #N/A | D55: =COUNTIF('LISTADOS TFM'!D$153:D$502,'DATOS ASIGNACIÓN'!B55) -> 0 | F55: =VLOOKUP(E55,'[2]DATOS DOCENTES'!$A:$M,13,0) -> #N/A | S55: =IF('[1]REGISTRO ECTS TFT'!$J60>0,'[1]REGISTRO ECTS TFT'!$B60,"") | T55: ='[2]DATOS DOCENTES'!$D54 -> Amores Marreiros, Rubén
C56: =VLOOKUP(B56,'[1]REGISTRO ECTS TFT'!$B:$AD,9,0) -> #N/A | D56: =COUNTIF('LISTADOS TFM'!D$153:D$502,'DATOS ASIGNACIÓN'!B56) -> 0 | F56: =VLOOKUP(E56,'[2]DATOS DOCENTES'!$A:$M,13,0) -> #N/A | S56: =IF('[1]REGISTRO ECTS TFT'!$J61>0,'[1]REGISTRO ECTS TFT'!$B61,"") | T56: ='[2]DATOS DOCENTES'!$D55 -> Andrés Blasco, Irene
C57: =VLOOKUP(B57,'[1]REGISTRO ECTS TFT'!$B:$AD,9,0) -> #N/A | D57: =COUNTIF('LISTADOS TFM'!D$153:D$502,'DATOS ASIGNACIÓN'!B57) -> 0 | F57: =VLOOKUP(E57,'[2]DATOS DOCENTES'!$A:$M,13,0) -> #N/A | S57: =IF('[1]REGISTRO ECTS TFT'!$J62>0,'[1]REGISTRO ECTS TFT'!$B62,"") | T57: ='[2]DATOS DOCENTES'!$D56 -> Andreu Fernández, Vicente
C58: =VLOOKUP(B58,'[1]REGISTRO ECTS TFT'!$B:$AD,9,0) -> #N/A | D58: =COUNTIF('LISTADOS TFM'!D$153:D$502,'DATOS ASIGNACIÓN'!B58) -> 0 | F58: =VLOOKUP(E58,'[2]DATOS DOCENTES'!$A:$M,13,0) -> #N/A | S58: =IF('[1]REGISTRO ECTS TFT'!$J63>0,'[1]REGISTRO ECTS TFT'!$B63,"") | T58: ='[2]DATOS DOCENTES'!$D57 -> Antón Blasco, José Antonio
C59: =VLOOKUP(B59,'[1]REGISTRO ECTS TFT'!$B:$AD,9,0) -> #N/A | D59: =COUNTIF('LISTADOS TFM'!D$153:D$502,'DATOS ASIGNACIÓN'!B59) -> 0 | F59: =VLOOKUP(E59,'[2]DATOS DOCENTES'!$A:$M,13,0) -> #N/A | S59: =IF('[1]REGISTRO ECTS TFT'!$J64>0,'[1]REGISTRO ECTS TFT'!$B64,"") | T59: ='[2]DATOS DOCENTES'!$D58 -> Antón Riquelme, Ana Asunción
C60: =VLOOKUP(B60,'[1]REGISTRO ECTS TFT'!$B:$AD,9,0) -> #N/A | D60: =COUNTIF('LISTADOS TFM'!D$153:D$502,'DATOS ASIGNACIÓN'!B60) -> 0 | F60: =VLOOKUP(E60,'[2]DATOS DOCENTES'!$A:$M,13,0) -> #N/A | S60: =IF('[1]REGISTRO ECTS TFT'!$J65>0,'[1]REGISTRO ECTS TFT'!$B65,"") | T60: ='[2]DATOS DOCENTES'!$D59 -> Antón Santiago, Roberto
C61: =VLOOKUP(B61,'[1]REGISTRO ECTS TFT'!$B:$AD,9,0) -> #N/A | D61: =COUNTIF('LISTADOS TFM'!D$153:D$502,'DATOS ASIGNACIÓN'!B61) -> 0 | F61: =VLOOKUP(E61,'[2]DATOS DOCENTES'!$A:$M,13,0) -> #N/A | S61: =IF('[1]REGISTRO ECTS TFT'!$J66>0,'[1]REGISTRO ECTS TFT'!$B66,"") | T61: ='[2]DATOS DOCENTES'!$D60 -> Aracil Bolaños, Ignacio
C62: =VLOOKUP(B62,'[1]REGISTRO ECTS TFT'!$B:$AD,9,0) -> #N/A | D62: =COUNTIF('LISTADOS TFM'!D$153:D$502,'DATOS ASIGNACIÓN'!B62) -> 0 | F62: =VLOOKUP(E62,'[2]DATOS DOCENTES'!$A:$M,13,0) -> #N/A | S62: =IF('[1]REGISTRO ECTS TFT'!$J67>0,'[1]REGISTRO ECTS TFT'!$B67,"") | T62: ='[2]DATOS DOCENTES'!$D61 -> Araos Gómez, Pedro Fernando
C63: =VLOOKUP(B63,'[1]REGISTRO ECTS TFT'!$B:$AD,9,0) -> #N/A | D63: =COUNTIF('LISTADOS TFM'!D$153:D$502,'DATOS ASIGNACIÓN'!B63) -> 0 | F63: =VLOOKUP(E63,'[2]DATOS DOCENTES'!$A:$M,13,0) -> #N/A | S63: =IF('[1]REGISTRO ECTS TFT'!$J68>0,'[1]REGISTRO ECTS TFT'!$B68,"") | T63: ='[2]DATOS DOCENTES'!$D62 -> Aras López, Rosa María
C64: =VLOOKUP(B64,'[1]REGISTRO ECTS TFT'!$B:$AD,9,0) -> #N/A | D64: =COUNTIF('LISTADOS TFM'!D$153:D$502,'DATOS ASIGNACIÓN'!B64) -> 0 | F64: =VLOOKUP(E64,'[2]DATOS DOCENTES'!$A:$M,13,0) -> #N/A | S64: =IF('[1]REGISTRO ECTS TFT'!$J69>0,'[1]REGISTRO ECTS TFT'!$B69,"") | T64: ='[2]DATOS DOCENTES'!$D63 -> Arce Recatalá, Cristina
C65: =VLOOKUP(B65,'[1]REGISTRO ECTS TFT'!$B:$AD,9,0) -> #N/A | D65: =COUNTIF('LISTADOS TFM'!D$153:D$502,'DATOS ASIGNACIÓN'!B65) -> 0 | F65: =VLOOKUP(E65,'[2]DATOS DOCENTES'!$A:$M,13,0) -> #N/A | S65: =IF('[1]REGISTRO ECTS TFT'!$J70>0,'[1]REGISTRO ECTS TFT'!$B70,"") | T65: ='[2]DATOS DOCENTES'!$D64 -> Argudo Palacios, Aarón
C66: =VLOOKUP(B66,'[1]REGISTRO ECTS TFT'!$B:$AD,9,0) -> #N/A | D66: =COUNTIF('LISTADOS TFM'!D$153:D$502,'DATOS ASIGNACIÓN'!B66) -> 0 | F66: =VLOOKUP(E66,'[2]DATOS DOCENTES'!$A:$M,13,0) -> #N/A | S66: =IF('[1]REGISTRO ECTS TFT'!$J71>0,'[1]REGISTRO ECTS TFT'!$B71,"") | T66: ='[2]DATOS DOCENTES'!$D65 -> Argyropulou, Vasiliki
... C78: =VLOOKUP(B78,'[1]REGISTRO ECTS TFT'!$B:$AD,9,0) -> #N/A | D78: =COUNTIF('LISTADOS TFM'!D$153:D$502,'DATOS ASIGNACIÓN'!B78) -> 0 | F78: =VLOOKUP(E78,'[2]DATOS DOCENTES'!$A:$M,13,0) -> #N/A | S78: =IF('[1]REGISTRO ECTS TFT'!$J83>0,'[1]REGISTRO ECTS TFT'!$B83,"") | T78: ='[2]DATOS DOCENTES'!$D77 -> Atanes Gómez, Alexandra
S79: =IF('[1]REGISTRO ECTS TFT'!$J84>0,'[1]REGISTRO ECTS TFT'!$B84,"") | T79: ='[2]DATOS DOCENTES'!$D78 -> Atienza Carbonell, Beatriz
S80: =IF('[1]REGISTRO ECTS TFT'!$J85>0,'[1]REGISTRO ECTS TFT'!$B85,"") | T80: ='[2]DATOS DOCENTES'!$D79 -> Ayerbe Puebla, Ignacio
S81: =IF('[1]REGISTRO ECTS TFT'!$J86>0,'[1]REGISTRO ECTS TFT'!$B86,"") | T81: ='[2]DATOS DOCENTES'!$D80 -> Azcárate Seminario, Juana María
S82: =IF('[1]REGISTRO ECTS TFT'!$J87>0,'[1]REGISTRO ECTS TFT'!$B87,"") | T82: ='[2]DATOS DOCENTES'!$D81 -> Badenes Sastre, Marta
S83: =IF('[1]REGISTRO ECTS TFT'!$J88>0,'[1]REGISTRO ECTS TFT'!$B88,"") | T83: ='[2]DATOS DOCENTES'!$D82 -> Bahamon Muñeton, Marly Johana
S84: =IF('[1]REGISTRO ECTS TFT'!$J89>0,'[1]REGISTRO ECTS TFT'!$B89,"") | T84: ='[2]DATOS DOCENTES'!$D83 -> Baixauli Muñoz, Raquel
S85: =IF('[1]REGISTRO ECTS TFT'!$J90>0,'[1]REGISTRO ECTS TFT'!$B90,"") | T85: ='[2]DATOS DOCENTES'!$D84 -> Bajo Bretón, Ricardo
S86: =IF('[1]REGISTRO ECTS TFT'!$J91>0,'[1]REGISTRO ECTS TFT'!$B91,"") | T86: ='[2]DATOS DOCENTES'!$D85 -> Ballesteros Pérez, Francisco
S87: =IF('[1]REGISTRO ECTS TFT'!$J92>0,'[1]REGISTRO ECTS TFT'!$B92,"") | T87: ='[2]DATOS DOCENTES'!$D86 -> Balmaseda Rubina, Aitor
S88: =IF('[1]REGISTRO ECTS TFT'!$J93>0,'[1]REGISTRO ECTS TFT'!$B93,"") | T88: ='[2]DATOS DOCENTES'!$D87 -> Balo García, Aránzazu
S89: =IF('[1]REGISTRO ECTS TFT'!$J94>0,'[1]REGISTRO ECTS TFT'!$B94,"") | T89: ='[2]DATOS DOCENTES'!$D88 -> Barba Colmenero, Francisca
S90: =IF('[1]REGISTRO ECTS TFT'!$J95>0,'[1]REGISTRO ECTS TFT'!$B95,"") -> Rubio Mangas, David | T90: ='[2]DATOS DOCENTES'!$D89 -> Barragán Arnal, Rocío
... S1300: =IF('[1]REGISTRO ECTS TFT'!$J1305>0,'[1]REGISTRO ECTS TFT'!$B1305,"") | T1300: ='[2]DATOS DOCENTES'!$D1299 -> 0

Sheet Hoja 2
A1: Apellido Apellido, Nombre | B1: Apellidos | C1: Nombre | D1: NIF
A2: Abad Villaverde, Beatriz | B2: Abad Villaverde | C2: Beatriz | D2: 76941444G
A3: =IFERROR(__xludf.UNSUPPORTED("""COMPUTED_VALUE"""),"Abarca Sos, Alberto") -> Abarca Sos, Alberto | B3: =IFERROR(__xludf.UNSUPPORTED("""COMPUTED_VALUE"""),"Abarca Sos") -> Abarca Sos | C3: =IFERROR(__xludf.UNSUPPORTED("""COMPUTED_VALUE"""),"Alberto") -> Alberto | D3: =IFERROR(__xludf.UNSUPPORTED("""COMPUTED_VALUE"""),"25191300K") -> 25191300K
A4: =IFERROR(__xludf.UNSUPPORTED("""COMPUTED_VALUE"""),"Abarca Torralba, Mari Carmen") -> Abarca Torralba, Mari Carmen | B4: =IFERROR(__xludf.UNSUPPORTED("""COMPUTED_VALUE"""),"Abarca Torralba") -> Abarca Torralba | C4: =IFERROR(__xludf.UNSUPPORTED("""COMPUTED_VALUE"""),"Mari Carmen") -> Mari Carmen | D4: =IFERROR(__xludf.UNSUPPORTED("""COMPUTED_VALUE"""),"25412227X") -> 25412227X
A5: =IFERROR(__xludf.UNSUPPORTED("""COMPUTED_VALUE"""),"Abellán Sánchez, María del Rosario") -> Abellán Sánchez, María del Rosario | B5: =IFERROR(__xludf.UNSUPPORTED("""COMPUTED_VALUE"""),"Abellán Sánchez") -> Abellán Sánchez | C5: =IFERROR(__xludf.UNSUPPORTED("""COMPUTED_VALUE"""),"María del Rosario") -> María del Rosario | D5: =IFERROR(__xludf.UNSUPPORTED("""COMPUTED_VALUE"""),"46615013Q") -> 46615013Q
A6: =IFERROR(__xludf.UNSUPPORTED("""COMPUTED_VALUE"""),"Acebes Sánchez, Jorge") -> Acebes Sánchez, Jorge | B6: =IFERROR(__xludf.UNSUPPORTED("""COMPUTED_VALUE"""),"Acebes Sánchez") -> Acebes Sánchez | C6: =IFERROR(__xludf.UNSUPPORTED("""COMPUTED_VALUE"""),"Jorge") -> Jorge | D6: =IFERROR(__xludf.UNSUPPORTED("""COMPUTED_VALUE"""),"08933309V") -> 08933309V
A7: =IFERROR(__xludf.UNSUPPORTED("""COMPUTED_VALUE"""),"Acosta Pérez, Irene") -> Acosta Pérez, Irene | B7: =IFERROR(__xludf.UNSUPPORTED("""COMPUTED_VALUE"""),"Acosta Pérez") -> Acosta Pérez | C7: =IFERROR(__xludf.UNSUPPORTED("""COMPUTED_VALUE"""),"Irene") -> Irene | D7: =IFERROR(__xludf.UNSUPPORTED("""COMPUTED_VALUE"""),"54113650D") -> 54113650D
A8: =IFERROR(__xludf.UNSUPPORTED("""COMPUTED_VALUE"""),"Acosta Pumarejo, Enrique") -> Acosta Pumarejo, Enrique | B8: =IFERROR(__xludf.UNSUPPORTED("""COMPUTED_VALUE"""),"Acosta Pumarejo") -> Acosta Pumarejo | C8: =IFERROR(__xludf.UNSUPPORTED("""COMPUTED_VALUE"""),"Enrique") -> Enrique | D8: =IFERROR(__xludf.UNSUPPORTED("""COMPUTED_VALUE"""),"09898018Z") -> 09898018Z
A9: =IFERROR(__xludf.UNSUPPORTED("""COMPUTED_VALUE"""),"Adam Artigues, Anna") -> Adam Artigues, Anna | B9: =IFERROR(__xludf.UNSUPPORTED("""COMPUTED_VALUE"""),"Adam Artigues") -> Adam Artigues | C9: =IFERROR(__xludf.UNSUPPORTED("""COMPUTED_VALUE"""),"Anna") -> Anna | D9: =IFERROR(__xludf.UNSUPPORTED("""COMPUTED_VALUE"""),"53626940W") -> 53626940W
A10: =IFERROR(__xludf.UNSUPPORTED("""COMPUTED_VALUE"""),"Aguayo Romero, Virginia") -> Aguayo Romero, Virginia | B10: =IFERROR(__xludf.UNSUPPORTED("""COMPUTED_VALUE"""),"Aguayo Romero") -> Aguayo Romero | C10: =IFERROR(__xludf.UNSUPPORTED("""COMPUTED_VALUE"""),"Virginia") -> Virginia | D10: =IFERROR(__xludf.UNSUPPORTED("""COMPUTED_VALUE"""),"05712817P") -> 05712817P
A11: =IFERROR(__xludf.UNSUPPORTED("""COMPUTED_VALUE"""),"Aguilera Martínez, Penélope") -> Aguilera Martínez, Penélope | B11: =IFERROR(__xludf.UNSUPPORTED("""COMPUTED_VALUE"""),"Aguilera Martínez") -> Aguilera Martínez | C11: =IFERROR(__xludf.UNSUPPORTED("""COMPUTED_VALUE"""),"Penélope") -> Penélope | D11: =IFERROR(__xludf.UNSUPPORTED("""COMPUTED_VALUE"""),"78978032B") -> 78978032B
A12: =IFERROR(__xludf.UNSUPPORTED("""COMPUTED_VALUE"""),"Agustí López, Ana Isabel") -> Agustí López, Ana Isabel | B12: =IFERROR(__xludf.UNSUPPORTED("""COMPUTED_VALUE"""),"Agustí López") -> Agustí López | C12: =IFERROR(__xludf.UNSUPPORTED("""COMPUTED_VALUE"""),"Ana Isabel") -> Ana Isabel | D12: =IFERROR(__xludf.UNSUPPORTED("""COMPUTED_VALUE"""),"20457022V") -> 20457022V
A13: =IFERROR(__xludf.UNSUPPORTED("""COMPUTED_VALUE"""),"Alabadí Pardiñes, Blanca") -> Alabadí Pardiñes, Blanca | B13: =IFERROR(__xludf.UNSUPPORTED("""COMPUTED_VALUE"""),"Alabadí Pardiñes") -> Alabadí Pardiñes | C13: =IFERROR(__xludf.UNSUPPORTED("""COMPUTED_VALUE"""),"Blanca") -> Blanca | D13: =IFERROR(__xludf.UNSUPPORTED("""COMPUTED_VALUE"""),"45911043F") -> 45911043F
A14: =IFERROR(__xludf.UNSUPPORTED("""COMPUTED_VALUE"""),"Alaminos Hervás, María Dolores") -> Alaminos Hervás, María Dolores | B14: =IFERROR(__xludf.UNSUPPORTED("""COMPUTED_VALUE"""),"Alaminos Hervás") -> Alaminos Hervás | C14: =IFERROR(__xludf.UNSUPPORTED("""COMPUTED_VALUE"""),"María Dolores") -> María Dolores | D14: =IFERROR(__xludf.UNSUPPORTED("""COMPUTED_VALUE"""),"02896070W") -> 02896070W
A15: =IFERROR(__xludf.UNSUPPORTED("""COMPUTED_VALUE"""),"Alarco Rosales, Raquel") -> Alarco Rosales, Raquel | B15: =IFERROR(__xludf.UNSUPPORTED("""COMPUTED_VALUE"""),"Alarco Rosales") -> Alarco Rosales | C15: =IFERROR(__xludf.UNSUPPORTED("""COMPUTED_VALUE"""),"Raquel") -> Raquel | D15: =IFERROR(__xludf.UNSUPPORTED("""COMPUTED_VALUE"""),"44879197X") -> 44879197X
A16: =IFERROR(__xludf.UNSUPPORTED("""COMPUTED_VALUE"""),"Alba Muñoz, Julen") -> Alba Muñoz, Julen | B16: =IFERROR(__xludf.UNSUPPORTED("""COMPUTED_VALUE"""),"Alba Muñoz") -> Alba Muñoz | C16: =IFERROR(__xludf.UNSUPPORTED("""COMPUTED_VALUE"""),"Julen") -> Julen | D16: =IFERROR(__xludf.UNSUPPORTED("""COMPUTED_VALUE"""),"16071571E") -> 16071571E
A17: =IFERROR(__xludf.UNSUPPORTED("""COMPUTED_VALUE"""),"Albaladejo Perales, Rosa María") -> Albaladejo Perales, Rosa María | B17: =IFERROR(__xludf.UNSUPPORTED("""COMPUTED_VALUE"""),"Albaladejo Perales") -> Albaladejo Perales | C17: =IFERROR(__xludf.UNSUPPORTED("""COMPUTED_VALUE"""),"Rosa María") -> Rosa María | D17: =IFERROR(__xludf.UNSUPPORTED("""COMPUTED_VALUE"""),"45568697Q") -> 45568697Q
A18: =IFERROR(__xludf.UNSUPPORTED("""COMPUTED_VALUE"""),"Alberola Enguix, Salvador") -> Alberola Enguix, Salvador | B18: =IFERROR(__xludf.UNSUPPORTED("""COMPUTED_VALUE"""),"Alberola Enguix") -> Alberola Enguix | C18: =IFERROR(__xludf.UNSUPPORTED("""COMPUTED_VALUE"""),"Salvador") -> Salvador | D18: =IFERROR(__xludf.UNSUPPORTED("""COMPUTED_VALUE"""),"20035516D") -> 20035516D
A19: =IFERROR(__xludf.UNSUPPORTED("""COMPUTED_VALUE"""),"Alconada Padilla, Roberto") -> Alconada Padilla, Roberto | B19: =IFERROR(__xludf.UNSUPPORTED("""COMPUTED_VALUE"""),"Alconada Padilla") -> Alconada Padilla | C19: =IFERROR(__xludf.UNSUPPORTED("""COMPUTED_VALUE"""),"Roberto") -> Roberto | D19: =IFERROR(__xludf.UNSUPPORTED("""COMPUTED_VALUE"""),"20060747D") -> 20060747D
A20: =IFERROR(__xludf.UNSUPPORTED("""COMPUTED_VALUE"""),"Alhambra Borrás, Tamara") -> Alhambra Borrás, Tamara | B20: =IFERROR(__xludf.UNSUPPORTED("""COMPUTED_VALUE"""),"Alhambra Borrás") -> Alhambra Borrás | C20: =IFERROR(__xludf.UNSUPPORTED("""COMPUTED_VALUE"""),"Tamara") -> Tamara | D20: =IFERROR(__xludf.UNSUPPORTED("""COMPUTED_VALUE"""),"45798873P") -> 45798873P
A21: =IFERROR(__xludf.UNSUPPORTED("""COMPUTED_VALUE"""),"Aliño Costa, Marta") -> Aliño Costa, Marta | B21: =IFERROR(__xludf.UNSUPPORTED("""COMPUTED_VALUE"""),"Aliño Costa") -> Aliño Costa | C21: =IFERROR(__xludf.UNSUPPORTED("""COMPUTED_VALUE"""),"Marta") -> Marta | D21: =IFERROR(__xludf.UNSUPPORTED("""COMPUTED_VALUE"""),"20847305J") -> 20847305J
A22: =IFERROR(__xludf.UNSUPPORTED("""COMPUTED_VALUE"""),"Almaraz Morocho, David") -> Almaraz Morocho, David | B22: =IFERROR(__xludf.UNSUPPORTED("""COMPUTED_VALUE"""),"Almaraz Morocho") -> Almaraz Morocho | C22: =IFERROR(__xludf.UNSUPPORTED("""COMPUTED_VALUE"""),"David") -> David | D22: =IFERROR(__xludf.UNSUPPORTED("""COMPUTED_VALUE"""),"70902210H") -> 70902210H
A23: =IFERROR(__xludf.UNSUPPORTED("""COMPUTED_VALUE"""),"Almeida Toledano, Laura") -> Almeida Toledano, Laura | B23: =IFERROR(__xludf.UNSUPPORTED("""COMPUTED_VALUE"""),"Almeida Toledano") -> Almeida Toledano | C23: =IFERROR(__xludf.UNSUPPORTED("""COMPUTED_VALUE"""),"Laura") -> Laura | D23: =IFERROR(__xludf.UNSUPPORTED("""COMPUTED_VALUE"""),"53073953G") -> 53073953G
A24: =IFERROR(__xludf.UNSUPPORTED("""COMPUTED_VALUE"""),"Alonso del Real Arias, Javier") -> Alonso del Real Arias, Javier | B24: =IFERROR(__xludf.UNSUPPORTED("""COMPUTED_VALUE"""),"Alonso del Real Arias") -> Alonso del Real Arias | C24: =IFERROR(__xludf.UNSUPPORTED("""COMPUTED_VALUE"""),"Javier") -> Javier | D24: =IFERROR(__xludf.UNSUPPORTED("""COMPUTED_VALUE"""),"53353764C") -> 53353764C
A25: =IFERROR(__xludf.UNSUPPORTED("""COMPUTED_VALUE"""),"Alonso Riera, María Ángeles") -> Alonso Riera, María Ángeles | B25: =IFERROR(__xludf.UNSUPPORTED("""COMPUTED_VALUE"""),"Alonso Riera") -> Alonso Riera | C25: =IFERROR(__xludf.UNSUPPORTED("""COMPUTED_VALUE"""),"María Ángeles") -> María Ángeles | D25: =IFERROR(__xludf.UNSUPPORTED("""COMPUTED_VALUE"""),"02094621B") -> 02094621B
A26: =IFERROR(__xludf.UNSUPPORTED("""COMPUTED_VALUE"""),"Alvarado Muñoz-Quiros, Ayla María") -> Alvarado Muñoz-Quiros, Ayla María | B26: =IFERROR(__xludf.UNSUPPORTED("""COMPUTED_VALUE"""),"Alvarado Muñoz-Quiros") -> Alvarado Muñoz-Quiros | C26: =IFERROR(__xludf.UNSUPPORTED("""COMPUTED_VALUE"""),"Ayla María") -> Ayla María | D26: =IFERROR(__xludf.UNSUPPORTED("""COMPUTED_VALUE"""),"74368051N") -> 74368051N
A27: =IFERROR(__xludf.UNSUPPORTED("""COMPUTED_VALUE"""),"Alvarenga Capurró, Claudia Beatriz") -> Alvarenga Capurró, Claudia Beatriz | B27: =IFERROR(__xludf.UNSUPPORTED("""COMPUTED_VALUE"""),"Alvarenga Capurró") -> Alvarenga Capurró | C27: =IFERROR(__xludf.UNSUPPORTED("""COMPUTED_VALUE"""),"Claudia Beatriz") -> Claudia Beatriz | D27: =IFERROR(__xludf.UNSUPPORTED("""COMPUTED_VALUE"""),"47279592X") -> 47279592X
A28: =IFERROR(__xludf.UNSUPPORTED("""COMPUTED_VALUE"""),"Álvarez de Toledo Blandon, María de la Paloma") -> Álvarez de Toledo Blandon, María de la Paloma | B28: =IFERROR(__xludf.UNSUPPORTED("""COMPUTED_VALUE"""),"Álvarez de Toledo Blandon") -> Álvarez de Toledo Blandon | C28: =IFERROR(__xludf.UNSUPPORTED("""COMPUTED_VALUE"""),"María de la Paloma") -> María de la Paloma | D28: =IFERROR(__xludf.UNSUPPORTED("""COMPUTED_VALUE"""),"77800448G") -> 77800448G
A29: =IFERROR(__xludf.UNSUPPORTED("""COMPUTED_VALUE"""),"Álvarez Monsalve, Elisa") -> Álvarez Monsalve, Elisa | B29: =IFERROR(__xludf.UNSUPPORTED("""COMPUTED_VALUE"""),"Álvarez Monsalve") -> Álvarez Monsalve | C29: =IFERROR(__xludf.UNSUPPORTED("""COMPUTED_VALUE"""),"Elisa") -> Elisa | D29: =IFERROR(__xludf.UNSUPPORTED("""COMPUTED_VALUE"""),63476582) -> 63476582
A30: =IFERROR(__xludf.UNSUPPORTED("""COMPUTED_VALUE"""),"Amaoui, Sofia") -> Amaoui, Sofia | B30: =IFERROR(__xludf.UNSUPPORTED("""COMPUTED_VALUE"""),"Amaoui") -> Amaoui | C30: =IFERROR(__xludf.UNSUPPORTED("""COMPUTED_VALUE"""),"Sofia") -> Sofia | D30: =IFERROR(__xludf.UNSUPPORTED("""COMPUTED_VALUE"""),"Y2589177N") -> Y2589177N
A31: =IFERROR(__xludf.UNSUPPORTED("""COMPUTED_VALUE"""),"Amezcua Valmala, Nerea") -> Amezcua Valmala, Nerea | B31: =IFERROR(__xludf.UNSUPPORTED("""COMPUTED_VALUE"""),"Amezcua Valmala") -> Amezcua Valmala | C31: =IFERROR(__xludf.UNSUPPORTED("""COMPUTED_VALUE"""),"Nerea") -> Nerea | D31: =IFERROR(__xludf.UNSUPPORTED("""COMPUTED_VALUE"""),"72742464L") -> 72742464L
A32: =IFERROR(__xludf.UNSUPPORTED("""COMPUTED_VALUE"""),"Amor González, Antonio Manuel") -> Amor González, Antonio Manuel | B32: =IFERROR(__xludf.UNSUPPORTED("""COMPUTED_VALUE"""),"Amor González") -> Amor González | C32: =IFERROR(__xludf.UNSUPPORTED("""COMPUTED_VALUE"""),"Antonio Manuel") -> Antonio Manuel | D32: =IFERROR(__xludf.UNSUPPORTED("""COMPUTED_VALUE"""),"53579329R") -> 53579329R
A33: =IFERROR(__xludf.UNSUPPORTED("""COMPUTED_VALUE"""),"Andrés Blasco, Irene") -> Andrés Blasco, Irene | B33: =IFERROR(__xludf.UNSUPPORTED("""COMPUTED_VALUE"""),"Andrés Blasco") -> Andrés Blasco | C33: =IFERROR(__xludf.UNSUPPORTED("""COMPUTED_VALUE"""),"Irene") -> Irene | D33: =IFERROR(__xludf.UNSUPPORTED("""COMPUTED_VALUE"""),"18448878A") -> 18448878A
A34: =IFERROR(__xludf.UNSUPPORTED("""COMPUTED_VALUE"""),"Andreu Fernández, Vicente") -> Andreu Fernández, Vicente | B34: =IFERROR(__xludf.UNSUPPORTED("""COMPUTED_VALUE"""),"Andreu Fernández") -> Andreu Fernández | C34: =IFERROR(__xludf.UNSUPPORTED("""COMPUTED_VALUE"""),"Vicente") -> Vicente | D34: =IFERROR(__xludf.UNSUPPORTED("""COMPUTED_VALUE"""),"48503496S") -> 48503496S
A35: =IFERROR(__xludf.UNSUPPORTED("""COMPUTED_VALUE"""),"Antón Santiago, Roberto") -> Antón Santiago, Roberto | B35: =IFERROR(__xludf.UNSUPPORTED("""COMPUTED_VALUE"""),"Antón Santiago") -> Antón Santiago | C35: =IFERROR(__xludf.UNSUPPORTED("""COMPUTED_VALUE"""),"Roberto") -> Roberto | D35: =IFERROR(__xludf.UNSUPPORTED("""COMPUTED_VALUE"""),"52498719T") -> 52498719T
A36: =IFERROR(__xludf.UNSUPPORTED("""COMPUTED_VALUE"""),"Aras López, Rosa María") -> Aras López, Rosa María | B36: =IFERROR(__xludf.UNSUPPORTED("""COMPUTED_VALUE"""),"Aras López") -> Aras López | C36: =IFERROR(__xludf.UNSUPPORTED("""COMPUTED_VALUE"""),"Rosa María") -> Rosa María | D36: =IFERROR(__xludf.UNSUPPORTED("""COMPUTED_VALUE"""),"01934823V") -> 01934823V
A37: =IFERROR(__xludf.UNSUPPORTED("""COMPUTED_VALUE"""),"Arce Recatalá, Cristina") -> Arce Recatalá, Cristina | B37: =IFERROR(__xludf.UNSUPPORTED("""COMPUTED_VALUE"""),"Arce Recatalá") -> Arce Recatalá | C37: =IFERROR(__xludf.UNSUPPORTED("""COMPUTED_VALUE"""),"Cristina") -> Cristina | D37: =IFERROR(__xludf.UNSUPPORTED("""COMPUTED_VALUE"""),"29208833Y") -> 29208833Y
A38: =IFERROR(__xludf.UNSUPPORTED("""COMPUTED_VALUE"""),"Argudo Palacios, Aarón") -> Argudo Palacios, Aarón | B38: =IFERROR(__xludf.UNSUPPORTED("""COMPUTED_VALUE"""),"Argudo Palacios") -> Argudo Palacios | C38: =IFERROR(__xludf.UNSUPPORTED("""COMPUTED_VALUE"""),"Aarón") -> Aarón | D38: =IFERROR(__xludf.UNSUPPORTED("""COMPUTED_VALUE"""),"39384262M") -> 39384262M
A39: =IFERROR(__xludf.UNSUPPORTED("""COMPUTED_VALUE"""),"Argyropulou, Vasiliki") -> Argyropulou, Vasiliki | B39: =IFERROR(__xludf.UNSUPPORTED("""COMPUTED_VALUE"""),"Argyropulou") -> Argyropulou | C39: =IFERROR(__xludf.UNSUPPORTED("""COMPUTED_VALUE"""),"Vasiliki") -> Vasiliki | D39: =IFERROR(__xludf.UNSUPPORTED("""COMPUTED_VALUE"""),"Y5811436V") -> Y5811436V
A40: =IFERROR(__xludf.UNSUPPORTED("""COMPUTED_VALUE"""),"Arias de la Cruz, Sonia") -> Arias de la Cruz, Sonia | B40: =IFERROR(__xludf.UNSUPPORTED("""COMPUTED_VALUE"""),"Arias de la Cruz") -> Arias de la Cruz | C40: =IFERROR(__xludf.UNSUPPORTED("""COMPUTED_VALUE"""),"Sonia") -> Sonia | D40: =IFERROR(__xludf.UNSUPPORTED("""COMPUTED_VALUE"""),"49018430W") -> 49018430W
A41: =IFERROR(__xludf.UNSUPPORTED("""COMPUTED_VALUE"""),"Arias Martínez, Esther") -> Arias Martínez, Esther | B41: =IFERROR(__xludf.UNSUPPORTED("""COMPUTED_VALUE"""),"Arias Martínez") -> Arias Martínez | C41: =IFERROR(__xludf.UNSUPPORTED("""COMPUTED_VALUE"""),"Esther") -> Esther | D41: =IFERROR(__xludf.UNSUPPORTED("""COMPUTED_VALUE"""),"76944585V") -> 76944585V
A42: =IFERROR(__xludf.UNSUPPORTED("""COMPUTED_VALUE"""),"Arnau Paltor, Pablo") -> Arnau Paltor, Pablo | B42: =IFERROR(__xludf.UNSUPPORTED("""COMPUTED_VALUE"""),"Arnau Paltor") -> Arnau Paltor | C42: =IFERROR(__xludf.UNSUPPORTED("""COMPUTED_VALUE"""),"Pablo") -> Pablo | D42: =IFERROR(__xludf.UNSUPPORTED("""COMPUTED_VALUE"""),"18979252C") -> 18979252C
A43: =IFERROR(__xludf.UNSUPPORTED("""COMPUTED_VALUE"""),"Arrigoni, Flavia Susana") -> Arrigoni, Flavia Susana | B43: =IFERROR(__xludf.UNSUPPORTED("""COMPUTED_VALUE"""),"Arrigoni") -> Arrigoni | C43: =IFERROR(__xludf.UNSUPPORTED("""COMPUTED_VALUE"""),"Flavia Susana") -> Flavia Susana | D43: =IFERROR(__xludf.UNSUPPORTED("""COMPUTED_VALUE"""),"Y1563513X") -> Y1563513X
A44: =IFERROR(__xludf.UNSUPPORTED("""COMPUTED_VALUE"""),"Aste Leiva, Bruno Fernando") -> Aste Leiva, Bruno Fernando | B44: =IFERROR(__xludf.UNSUPPORTED("""COMPUTED_VALUE"""),"Aste Leiva") -> Aste Leiva | C44: =IFERROR(__xludf.UNSUPPORTED("""COMPUTED_VALUE"""),"Bruno Fernando") -> Bruno Fernando | D44: =IFERROR(__xludf.UNSUPPORTED("""COMPUTED_VALUE"""),"Y6595634F") -> Y6595634F
A45: =IFERROR(__xludf.UNSUPPORTED("""COMPUTED_VALUE"""),"Atanes Gómez, Alexandra") -> Atanes Gómez, Alexandra | B45: =IFERROR(__xludf.UNSUPPORTED("""COMPUTED_VALUE"""),"Atanes Gómez") -> Atanes Gómez | C45: =IFERROR(__xludf.UNSUPPORTED("""COMPUTED_VALUE"""),"Alexandra") -> Alexandra | D45: =IFERROR(__xludf.UNSUPPORTED("""COMPUTED_VALUE"""),"44658192N") -> 44658192N
A46: =IFERROR(__xludf.UNSUPPORTED("""COMPUTED_VALUE"""),"Atienza Carbonell, Beatriz") -> Atienza Carbonell, Beatriz | B46: =IFERROR(__xludf.UNSUPPORTED("""COMPUTED_VALUE"""),"Atienza Carbonell") -> Atienza Carbonell | C46: =IFERROR(__xludf.UNSUPPORTED("""COMPUTED_VALUE"""),"Beatriz") -> Beatriz | D46: =IFERROR(__xludf.UNSUPPORTED("""COMPUTED_VALUE"""),"33570654S") -> 33570654S
A47: =IFERROR(__xludf.UNSUPPORTED("""COMPUTED_VALUE"""),"Azcárate Seminario, Juana María") -> Azcárate Seminario, Juana María | B47: =IFERROR(__xludf.UNSUPPORTED("""COMPUTED_VALUE"""),"Azcárate Seminario") -> Azcárate Seminario | C47: =IFERROR(__xludf.UNSUPPORTED("""COMPUTED_VALUE"""),"Juana María") -> Juana María | D47: =IFERROR(__xludf.UNSUPPORTED("""COMPUTED_VALUE"""),"33419032D") -> 33419032D
A48: =IFERROR(__xludf.UNSUPPORTED("""COMPUTED_VALUE"""),"Baixauli Muñoz, Raquel") -> Baixauli Muñoz, Raquel | B48: =IFERROR(__xludf.UNSUPPORTED("""COMPUTED_VALUE"""),"Baixauli Muñoz") -> Baixauli Muñoz | C48: =IFERROR(__xludf.UNSUPPORTED("""COMPUTED_VALUE"""),"Raquel") -> Raquel | D48: =IFERROR(__xludf.UNSUPPORTED("""COMPUTED_VALUE"""),"24363682N") -> 24363682N
A49: =IFERROR(__xludf.UNSUPPORTED("""COMPUTED_VALUE"""),"Balmaseda Rubina, Aitor") -> Balmaseda Rubina, Aitor | B49: =IFERROR(__xludf.UNSUPPORTED("""COMPUTED_VALUE"""),"Balmaseda Rubina") -> Balmaseda Rubina | C49: =IFERROR(__xludf.UNSUPPORTED("""COMPUTED_VALUE"""),"Aitor") -> Aitor | D49: =IFERROR(__xludf.UNSUPPORTED("""COMPUTED_VALUE"""),"72840763Q") -> 72840763Q
A50: =IFERROR(__xludf.UNSUPPORTED("""COMPUTED_VALUE"""),"Barragán Arnal, Rocío") -> Barragán Arnal, Rocío | B50: =IFERROR(__xludf.UNSUPPORTED("""COMPUTED_VALUE"""),"Barragán Arnal") -> Barragán Arnal | C50: =IFERROR(__xludf.UNSUPPORTED("""COMPUTED_VALUE"""),"Rocío") -> Rocío | D50: =IFERROR(__xludf.UNSUPPORTED("""COMPUTED_VALUE"""),"53606669V") -> 53606669V
A51: =IFERROR(__xludf.UNSUPPORTED("""COMPUTED_VALUE"""),"Barrenechea Garro, Arrate") -> Barrenechea Garro, Arrate | B51: =IFERROR(__xludf.UNSUPPORTED("""COMPUTED_VALUE"""),"Barrenechea Garro") -> Barrenechea Garro | C51: =IFERROR(__xludf.UNSUPPORTED("""COMPUTED_VALUE"""),"Arrate") -> Arrate | D51: =IFERROR(__xludf.UNSUPPORTED("""COMPUTED_VALUE"""),"72497551X") -> 72497551X
A52: =IFERROR(__xludf.UNSUPPORTED("""COMPUTED_VALUE"""),"Barrera Belloch, Jaume") -> Barrera Belloch, Jaume | B52: =IFERROR(__xludf.UNSUPPORTED("""COMPUTED_VALUE"""),"Barrera Belloch") -> Barrera Belloch | C52: =IFERROR(__xludf.UNSUPPORTED("""COMPUTED_VALUE"""),"Jaume") -> Jaume | D52: =IFERROR(__xludf.UNSUPPORTED("""COMPUTED_VALUE"""),"20850674R") -> 20850674R
A53: =IFERROR(__xludf.UNSUPPORTED("""COMPUTED_VALUE"""),"Bartolomé del Pino, Leticia Elisa") -> Bartolomé del Pino, Leticia Elisa | B53: =IFERROR(__xludf.UNSUPPORTED("""COMPUTED_VALUE"""),"Bartolomé del Pino") -> Bartolomé del Pino | C53: =IFERROR(__xludf.UNSUPPORTED("""COMPUTED_VALUE"""),"Leticia Elisa") -> Leticia Elisa | D53: =IFERROR(__xludf.UNSUPPORTED("""COMPUTED_VALUE"""),"46939778K") -> 46939778K
A54: =IFERROR(__xludf.UNSUPPORTED("""COMPUTED_VALUE"""),"Bautista Aranda, Nazaret") -> Bautista Aranda, Nazaret | B54: =IFERROR(__xludf.UNSUPPORTED("""COMPUTED_VALUE"""),"Bautista Aranda") -> Bautista Aranda | C54: =IFERROR(__xludf.UNSUPPORTED("""COMPUTED_VALUE"""),"Nazaret") -> Nazaret | D54: =IFERROR(__xludf.UNSUPPORTED("""COMPUTED_VALUE"""),"05724246Y") -> 05724246Y
A55: =IFERROR(__xludf.UNSUPPORTED("""COMPUTED_VALUE"""),"Baz Montero, Servando") -> Baz Montero, Servando | B55: =IFERROR(__xludf.UNSUPPORTED("""COMPUTED_VALUE"""),"Baz Montero") -> Baz Montero | C55: =IFERROR(__xludf.UNSUPPORTED("""COMPUTED_VALUE"""),"Servando") -> Servando | D55: =IFERROR(__xludf.UNSUPPORTED("""COMPUTED_VALUE"""),"44204856Y") -> 44204856Y
A56: =IFERROR(__xludf.UNSUPPORTED("""COMPUTED_VALUE"""),"Behrens Cervoni, Denise") -> Behrens Cervoni, Denise | B56: =IFERROR(__xludf.UNSUPPORTED("""COMPUTED_VALUE"""),"Behrens Cervoni") -> Behrens Cervoni | C56: =IFERROR(__xludf.UNSUPPORTED("""COMPUTED_VALUE"""),"Denise") -> Denise | D56: =IFERROR(__xludf.UNSUPPORTED("""COMPUTED_VALUE"""),"Y8121704G") -> Y8121704G
A57: =IFERROR(__xludf.UNSUPPORTED("""COMPUTED_VALUE"""),"Belda Ferri, Lorena") -> Belda Ferri, Lorena | B57: =IFERROR(__xludf.UNSUPPORTED("""COMPUTED_VALUE"""),"Belda Ferri") -> Belda Ferri | C57: =IFERROR(__xludf.UNSUPPORTED("""COMPUTED_VALUE"""),"Lorena") -> Lorena | D57: =IFERROR(__xludf.UNSUPPORTED("""COMPUTED_VALUE"""),"48469134S") -> 48469134S
A58: =IFERROR(__xludf.UNSUPPORTED("""COMPUTED_VALUE"""),"Belloch Mont, Nuria") -> Belloch Mont, Nuria | B58: =IFERROR(__xludf.UNSUPPORTED("""COMPUTED_VALUE"""),"Belloch Mont") -> Belloch Mont | C58: =IFERROR(__xludf.UNSUPPORTED("""COMPUTED_VALUE"""),"Nuria") -> Nuria | D58: =IFERROR(__xludf.UNSUPPORTED("""COMPUTED_VALUE"""),"52641331N") -> 52641331N
A59: =IFERROR(__xludf.UNSUPPORTED("""COMPUTED_VALUE"""),"Benavent Cervera, José Vicente") -> Benavent Cervera, José Vicente | B59: =IFERROR(__xludf.UNSUPPORTED("""COMPUTED_VALUE"""),"Benavent Cervera") -> Benavent Cervera | C59: =IFERROR(__xludf.UNSUPPORTED("""COMPUTED_VALUE"""),"José Vicente") -> José Vicente | D59: =IFERROR(__xludf.UNSUPPORTED("""COMPUTED_VALUE"""),"19460773J") -> 19460773J
A60: =IFERROR(__xludf.UNSUPPORTED("""COMPUTED_VALUE"""),"Benetó Gandía, Noelia") -> Benetó Gandía, Noelia | B60: =IFERROR(__xludf.UNSUPPORTED("""COMPUTED_VALUE"""),"Benetó Gandía") -> Benetó Gandía | C60: =IFERROR(__xludf.UNSUPPORTED("""COMPUTED_VALUE"""),"Noelia") -> Noelia | D60: =IFERROR(__xludf.UNSUPPORTED("""COMPUTED_VALUE"""),"20458746Q") -> 20458746Q
A61: =IFERROR(__xludf.UNSUPPORTED("""COMPUTED_VALUE"""),"Bermejo Ruiz, José Luis") -> Bermejo Ruiz, José Luis | B61: =IFERROR(__xludf.UNSUPPORTED("""COMPUTED_VALUE"""),"Bermejo Ruiz") -> Bermejo Ruiz | C61: =IFERROR(__xludf.UNSUPPORTED("""COMPUTED_VALUE"""),"José Luis") -> José Luis | D61: =IFERROR(__xludf.UNSUPPORTED("""COMPUTED_VALUE"""),"24366224R") -> 24366224R
A62: =IFERROR(__xludf.UNSUPPORTED("""COMPUTED_VALUE"""),"Bernádez Menéndez, Cristina") -> Bernádez Menéndez, Cristina | B62: =IFERROR(__xludf.UNSUPPORTED("""COMPUTED_VALUE"""),"Bernádez Menéndez") -> Bernádez Menéndez | C62: =IFERROR(__xludf.UNSUPPORTED("""COMPUTED_VALUE"""),"Cristina") -> Cristina | D62: =IFERROR(__xludf.UNSUPPORTED("""COMPUTED_VALUE"""),"76947298Q") -> 76947298Q
A63: =IFERROR(__xludf.UNSUPPORTED("""COMPUTED_VALUE"""),"Bertomeu Heras, Vanessa") -> Bertomeu Heras, Vanessa | B63: =IFERROR(__xludf.UNSUPPORTED("""COMPUTED_VALUE"""),"Bertomeu Heras") -> Bertomeu Heras | C63: =IFERROR(__xludf.UNSUPPORTED("""COMPUTED_VALUE"""),"Vanessa") -> Vanessa | D63: =IFERROR(__xludf.UNSUPPORTED("""COMPUTED_VALUE"""),"53428238C") -> 53428238C
A64: =IFERROR(__xludf.UNSUPPORTED("""COMPUTED_VALUE"""),"Bezos Roseñada, Laura") -> Bezos Roseñada, Laura | B64: =IFERROR(__xludf.UNSUPPORTED("""COMPUTED_VALUE"""),"Bezos Roseñada") -> Bezos Roseñada | C64: =IFERROR(__xludf.UNSUPPORTED("""COMPUTED_VALUE"""),"Laura") -> Laura | D64: =IFERROR(__xludf.UNSUPPORTED("""COMPUTED_VALUE"""),"78935612A") -> 78935612A
A65: =IFERROR(__xludf.UNSUPPORTED("""COMPUTED_VALUE"""),"Bisetto Pons, David") -> Bisetto Pons, David | B65: =IFERROR(__xludf.UNSUPPORTED("""COMPUTED_VALUE"""),"Bisetto Pons") -> Bisetto Pons | C65: =IFERROR(__xludf.UNSUPPORTED("""COMPUTED_VALUE"""),"David") -> David | D65: =IFERROR(__xludf.UNSUPPORTED("""COMPUTED_VALUE"""),"53625733Z") -> 53625733Z
A66: =IFERROR(__xludf.UNSUPPORTED("""COMPUTED_VALUE"""),"Blanco Donoso, Luis Manuel") -> Blanco Donoso, Luis Manuel | B66: =IFERROR(__xludf.UNSUPPORTED("""COMPUTED_VALUE"""),"Blanco Donoso") -> Blanco Donoso | C66: =IFERROR(__xludf.UNSUPPORTED("""COMPUTED_VALUE"""),"Luis Manuel") -> Luis Manuel | D66: =IFERROR(__xludf.UNSUPPORTED("""COMPUTED_VALUE"""),"47049818Y") -> 47049818Y
A67: =IFERROR(__xludf.UNSUPPORTED("""COMPUTED_VALUE"""),"Blanco Fernández, Susana") -> Blanco Fernández, Susana | B67: =IFERROR(__xludf.UNSUPPORTED("""COMPUTED_VALUE"""),"Blanco Fernández") -> Blanco Fernández | C67: =IFERROR(__xludf.UNSUPPORTED("""COMPUTED_VALUE"""),"Susana") -> Susana | D67: =IFERROR(__xludf.UNSUPPORTED("""COMPUTED_VALUE"""),"53481702D") -> 53481702D
A68: =IFERROR(__xludf.UNSUPPORTED("""COMPUTED_VALUE"""),"Blanco Núñez, Basilio") -> Blanco Núñez, Basilio | B68: =IFERROR(__xludf.UNSUPPORTED("""COMPUTED_VALUE"""),"Blanco Núñez") -> Blanco Núñez | C68: =IFERROR(__xludf.UNSUPPORTED("""COMPUTED_VALUE"""),"Basilio") -> Basilio | D68: =IFERROR(__xludf.UNSUPPORTED("""COMPUTED_VALUE"""),"45633408M") -> 45633408M
A69: =IFERROR(__xludf.UNSUPPORTED("""COMPUTED_VALUE"""),"Boemo Prieto, Maria Teresa") -> Boemo Prieto, Maria Teresa | B69: =IFERROR(__xludf.UNSUPPORTED("""COMPUTED_VALUE"""),"Boemo Prieto") -> Boemo Prieto | C69: =IFERROR(__xludf.UNSUPPORTED("""COMPUTED_VALUE"""),"Maria Teresa") -> Maria Teresa | D69: =IFERROR(__xludf.UNSUPPORTED("""COMPUTED_VALUE"""),"54022647V") -> 54022647V
A70: =IFERROR(__xludf.UNSUPPORTED("""COMPUTED_VALUE"""),"Bogetti, Celeste") -> Bogetti, Celeste | B70: =IFERROR(__xludf.UNSUPPORTED("""COMPUTED_VALUE"""),"Bogetti") -> Bogetti | C70: =IFERROR(__xludf.UNSUPPORTED("""COMPUTED_VALUE"""),"Celeste") -> Celeste | D70: =IFERROR(__xludf.UNSUPPORTED("""COMPUTED_VALUE"""),33480001) -> 33480001
A71: =IFERROR(__xludf.UNSUPPORTED("""COMPUTED_VALUE"""),"Bolmida, Mauro") -> Bolmida, Mauro | B71: =IFERROR(__xludf.UNSUPPORTED("""COMPUTED_VALUE"""),"Bolmida") -> Bolmida | C71: =IFERROR(__xludf.UNSUPPORTED("""COMPUTED_VALUE"""),"Mauro") -> Mauro | D71: =IFERROR(__xludf.UNSUPPORTED("""COMPUTED_VALUE"""),"Y0287908P") -> Y0287908P
A72: =IFERROR(__xludf.UNSUPPORTED("""COMPUTED_VALUE"""),"Bonito Gadella, Juan Carlos") -> Bonito Gadella, Juan Carlos | B72: =IFERROR(__xludf.UNSUPPORTED("""COMPUTED_VALUE"""),"Bonito Gadella") -> Bonito Gadella | C72: =IFERROR(__xludf.UNSUPPORTED("""COMPUTED_VALUE"""),"Juan Carlos") -> Juan Carlos | D72: =IFERROR(__xludf.UNSUPPORTED("""COMPUTED_VALUE"""),"07504915S") -> 07504915S
A73: =IFERROR(__xludf.UNSUPPORTED("""COMPUTED_VALUE"""),"Bonzi, Carolina") -> Bonzi, Carolina | B73: =IFERROR(__xludf.UNSUPPORTED("""COMPUTED_VALUE"""),"Bonzi") -> Bonzi | C73: =IFERROR(__xludf.UNSUPPORTED("""COMPUTED_VALUE"""),"Carolina") -> Carolina | D73: =IFERROR(__xludf.UNSUPPORTED("""COMPUTED_VALUE"""),"BNZCLN81D64L219F") -> BNZCLN81D64L219F
A74: =IFERROR(__xludf.UNSUPPORTED("""COMPUTED_VALUE"""),"Bove Farré, Isabel") -> Bove Farré, Isabel | B74: =IFERROR(__xludf.UNSUPPORTED("""COMPUTED_VALUE"""),"Bove Farré") -> Bove Farré | C74: =IFERROR(__xludf.UNSUPPORTED("""COMPUTED_VALUE"""),"Isabel") -> Isabel | D74: =IFERROR(__xludf.UNSUPPORTED("""COMPUTED_VALUE"""),"38086972F") -> 38086972F
A75: =IFERROR(__xludf.UNSUPPORTED("""COMPUTED_VALUE"""),"Bravo Correa, Montserrat") -> Bravo Correa, Montserrat | B75: =IFERROR(__xludf.UNSUPPORTED("""COMPUTED_VALUE"""),"Bravo Correa") -> Bravo Correa | C75: =IFERROR(__xludf.UNSUPPORTED("""COMPUTED_VALUE"""),"Montserrat") -> Montserrat | D75: =IFERROR(__xludf.UNSUPPORTED("""COMPUTED_VALUE"""),"78710346E") -> 78710346E
A76: =IFERROR(__xludf.UNSUPPORTED("""COMPUTED_VALUE"""),"Bretaña Alberdi, Ione") -> Bretaña Alberdi, Ione | B76: =IFERROR(__xludf.UNSUPPORTED("""COMPUTED_VALUE"""),"Bretaña Alberdi") -> Bretaña Alberdi | C76: =IFERROR(__xludf.UNSUPPORTED("""COMPUTED_VALUE"""),"Ione") -> Ione | D76: =IFERROR(__xludf.UNSUPPORTED("""COMPUTED_VALUE"""),"72505282J") -> 72505282J
A77: =IFERROR(__xludf.UNSUPPORTED("""COMPUTED_VALUE"""),"Brito Sánchez, Ana Isabel") -> Brito Sánchez, Ana Isabel | B77: =IFERROR(__xludf.UNSUPPORTED("""COMPUTED_VALUE"""),"Brito Sánchez") -> Brito Sánchez | C77: =IFERROR(__xludf.UNSUPPORTED("""COMPUTED_VALUE"""),"Ana Isabel") -> Ana Isabel | D77: =IFERROR(__xludf.UNSUPPORTED("""COMPUTED_VALUE"""),973006166266) -> 973006166266
A78: =IFERROR(__xludf.UNSUPPORTED("""COMPUTED_VALUE"""),"Brocal Ruiz, Rebeca") -> Brocal Ruiz, Rebeca | B78: =IFERROR(__xludf.UNSUPPORTED("""COMPUTED_VALUE"""),"Brocal Ruiz") -> Brocal Ruiz | C78: =IFERROR(__xludf.UNSUPPORTED("""COMPUTED_VALUE"""),"Rebeca") -> Rebeca | D78: =IFERROR(__xludf.UNSUPPORTED("""COMPUTED_VALUE"""),"29202052X") -> 29202052X
A79: =IFERROR(__xludf.UNSUPPORTED("""COMPUTED_VALUE"""),"Burdeos Palau, Elena") -> Burdeos Palau, Elena | B79: =IFERROR(__xludf.UNSUPPORTED("""COMPUTED_VALUE"""),"Burdeos Palau") -> Burdeos Palau | C79: =IFERROR(__xludf.UNSUPPORTED("""COMPUTED_VALUE"""),"Elena") -> Elena | D79: =IFERROR(__xludf.UNSUPPORTED("""COMPUTED_VALUE"""),"48357518H") -> 48357518H
A80: =IFERROR(__xludf.UNSUPPORTED("""COMPUTED_VALUE"""),"Burgos Esteban, Amaya") -> Burgos Esteban, Amaya | B80: =IFERROR(__xludf.UNSUPPORTED("""COMPUTED_VALUE"""),"Burgos Esteban") -> Burgos Esteban | C80: =IFERROR(__xludf.UNSUPPORTED("""COMPUTED_VALUE"""),"Amaya") -> Amaya | D80: =IFERROR(__xludf.UNSUPPORTED("""COMPUTED_VALUE"""),"16576224D") -> 16576224D
A81: =IFERROR(__xludf.UNSUPPORTED("""COMPUTED_VALUE"""),"Cabedo Peris, Javier") -> Cabedo Peris, Javier | B81: =IFERROR(__xludf.UNSUPPORTED("""COMPUTED_VALUE"""),"Cabedo Peris") -> Cabedo Peris | C81: =IFERROR(__xludf.UNSUPPORTED("""COMPUTED_VALUE"""),"Javier") -> Javier | D81: =IFERROR(__xludf.UNSUPPORTED("""COMPUTED_VALUE"""),"53727929K") -> 53727929K
A82: =IFERROR(__xludf.UNSUPPORTED("""COMPUTED_VALUE"""),"Cabello Navarro, Paula") -> Cabello Navarro, Paula | B82: =IFERROR(__xludf.UNSUPPORTED("""COMPUTED_VALUE"""),"Cabello Navarro") -> Cabello Navarro | C82: =IFERROR(__xludf.UNSUPPORTED("""COMPUTED_VALUE"""),"Paula") -> Paula | D82: =IFERROR(__xludf.UNSUPPORTED("""COMPUTED_VALUE"""),"21008196L") -> 21008196L
A83: =IFERROR(__xludf.UNSUPPORTED("""COMPUTED_VALUE"""),"Cabello Vives, Mercedes Yolanda") -> Cabello Vives, Mercedes Yolanda | B83: =IFERROR(__xludf.UNSUPPORTED("""COMPUTED_VALUE"""),"Cabello Vives") -> Cabello Vives | C83: =IFERROR(__xludf.UNSUPPORTED("""COMPUTED_VALUE"""),"Mercedes Yolanda") -> Mercedes Yolanda | D83: =IFERROR(__xludf.UNSUPPORTED("""COMPUTED_VALUE"""),"43103149E") -> 43103149E
A84: =IFERROR(__xludf.UNSUPPORTED("""COMPUTED_VALUE"""),"Cabellos García, Ana Cristina") -> Cabellos García, Ana Cristina | B84: =IFERROR(__xludf.UNSUPPORTED("""COMPUTED_VALUE"""),"Cabellos García") -> Cabellos García | C84: =IFERROR(__xludf.UNSUPPORTED("""COMPUTED_VALUE"""),"Ana Cristina") -> Ana Cristina | D84: =IFERROR(__xludf.UNSUPPORTED("""COMPUTED_VALUE"""),"48592662X") -> 48592662X
A85: =IFERROR(__xludf.UNSUPPORTED("""COMPUTED_VALUE"""),"Cabezas García, Silvestre") -> Cabezas García, Silvestre | B85: =IFERROR(__xludf.UNSUPPORTED("""COMPUTED_VALUE"""),"Cabezas García") -> Cabezas García | C85: =IFERROR(__xludf.UNSUPPORTED("""COMPUTED_VALUE"""),"Silvestre") -> Silvestre | D85: =IFERROR(__xludf.UNSUPPORTED("""COMPUTED_VALUE"""),"18173429W") -> 18173429W
A86: =IFERROR(__xludf.UNSUPPORTED("""COMPUTED_VALUE"""),"Cairós González, Mariana Elena") -> Cairós González, Mariana Elena | B86: =IFERROR(__xludf.UNSUPPORTED("""COMPUTED_VALUE"""),"Cairós González") -> Cairós González | C86: =IFERROR(__xludf.UNSUPPORTED("""COMPUTED_VALUE"""),"Mariana Elena") -> Mariana Elena | D86: =IFERROR(__xludf.UNSUPPORTED("""COMPUTED_VALUE"""),"78629442D") -> 78629442D
A87: =IFERROR(__xludf.UNSUPPORTED("""COMPUTED_VALUE"""),"Cámara Navarro, Nuria") -> Cámara Navarro, Nuria | B87: =IFERROR(__xludf.UNSUPPORTED("""COMPUTED_VALUE"""),"Cámara Navarro") -> Cámara Navarro | C87: =IFERROR(__xludf.UNSUPPORTED("""COMPUTED_VALUE"""),"Nuria") -> Nuria | D87: =IFERROR(__xludf.UNSUPPORTED("""COMPUTED_VALUE"""),"52636572Z") -> 52636572Z
A88: =IFERROR(__xludf.UNSUPPORTED("""COMPUTED_VALUE"""),"Cámara Navarro, Raquel") -> Cámara Navarro, Raquel | B88: =IFERROR(__xludf.UNSUPPORTED("""COMPUTED_VALUE"""),"Cámara Navarro") -> Cámara Navarro | C88: =IFERROR(__xludf.UNSUPPORTED("""COMPUTED_VALUE"""),"Raquel") -> Raquel | D88: =IFERROR(__xludf.UNSUPPORTED("""COMPUTED_VALUE"""),"52636573S") -> 52636573S
A89: =IFERROR(__xludf.UNSUPPORTED("""COMPUTED_VALUE"""),"Cambas Muñoz, Cristina") -> Cambas Muñoz, Cristina | B89: =IFERROR(__xludf.UNSUPPORTED("""COMPUTED_VALUE"""),"Cambas Muñoz") -> Cambas Muñoz | C89: =IFERROR(__xludf.UNSUPPORTED("""COMPUTED_VALUE"""),"Cristina") -> Cristina | D89: =IFERROR(__xludf.UNSUPPORTED("""COMPUTED_VALUE"""),"09068319V") -> 09068319V
A90: =IFERROR(__xludf.UNSUPPORTED("""COMPUTED_VALUE"""),"Campla Bolivar, Xaviera Paz") -> Campla Bolivar, Xaviera Paz | B90: =IFERROR(__xludf.UNSUPPORTED("""COMPUTED_VALUE"""),"Campla Bolivar") -> Campla Bolivar | C90: =IFERROR(__xludf.UNSUPPORTED("""COMPUTED_VALUE"""),"Xaviera Paz") -> Xaviera Paz | D90: =IFERROR(__xludf.UNSUPPORTED("""COMPUTED_VALUE"""),"Y5755570H") -> Y5755570H
A91: =IFERROR(__xludf.UNSUPPORTED("""COMPUTED_VALUE"""),"Camprodon Boadas, Patricia") -> Camprodon Boadas, Patricia | B91: =IFERROR(__xludf.UNSUPPORTED("""COMPUTED_VALUE"""),"Camprodon Boadas") -> Camprodon Boadas | C91: =IFERROR(__xludf.UNSUPPORTED("""COMPUTED_VALUE"""),"Patricia") -> Patricia | D91: =IFERROR(__xludf.UNSUPPORTED("""COMPUTED_VALUE"""),"47991833X") -> 47991833X
A92: =IFERROR(__xludf.UNSUPPORTED("""COMPUTED_VALUE"""),"Cano Escalera, Guillermo") -> Cano Escalera, Guillermo | B92: =IFERROR(__xludf.UNSUPPORTED("""COMPUTED_VALUE"""),"Cano Escalera") -> Cano Escalera | C92: =IFERROR(__xludf.UNSUPPORTED("""COMPUTED_VALUE"""),"Guillermo") -> Guillermo | D92: =IFERROR(__xludf.UNSUPPORTED("""COMPUTED_VALUE"""),"78944558W") -> 78944558W
A93: =IFERROR(__xludf.UNSUPPORTED("""COMPUTED_VALUE"""),"Cano López, Irene") -> Cano López, Irene | B93: =IFERROR(__xludf.UNSUPPORTED("""COMPUTED_VALUE"""),"Cano López") -> Cano López | C93: =IFERROR(__xludf.UNSUPPORTED("""COMPUTED_VALUE"""),"Irene") -> Irene | D93: =IFERROR(__xludf.UNSUPPORTED("""COMPUTED_VALUE"""),"06281187W") -> 06281187W
A94: =IFERROR(__xludf.UNSUPPORTED("""COMPUTED_VALUE"""),"Cano Villagrasa, Alejandro") -> Cano Villagrasa, Alejandro | B94: =IFERROR(__xludf.UNSUPPORTED("""COMPUTED_VALUE"""),"Cano Villagrasa") -> Cano Villagrasa | C94: =IFERROR(__xludf.UNSUPPORTED("""COMPUTED_VALUE"""),"Alejandro") -> Alejandro | D94: =IFERROR(__xludf.UNSUPPORTED("""COMPUTED_VALUE"""),"45898034Q") -> 45898034Q
A95: =IFERROR(__xludf.UNSUPPORTED("""COMPUTED_VALUE"""),"Cantero García, María Francisca") -> Cantero García, María Francisca | B95: =IFERROR(__xludf.UNSUPPORTED("""COMPUTED_VALUE"""),"Cantero García") -> Cantero García | C95: =IFERROR(__xludf.UNSUPPORTED("""COMPUTED_VALUE"""),"María Francisca") -> María Francisca | D95: =IFERROR(__xludf.UNSUPPORTED("""COMPUTED_VALUE"""),"75564693X") -> 75564693X
A96: =IFERROR(__xludf.UNSUPPORTED("""COMPUTED_VALUE"""),"Cantón Habas, Vanesa") -> Cantón Habas, Vanesa | B96: =IFERROR(__xludf.UNSUPPORTED("""COMPUTED_VALUE"""),"Cantón Habas") -> Cantón Habas | C96: =IFERROR(__xludf.UNSUPPORTED("""COMPUTED_VALUE"""),"Vanesa") -> Vanesa | D96: =IFERROR(__xludf.UNSUPPORTED("""COMPUTED_VALUE"""),"30998859b") -> 30998859b
A97: =IFERROR(__xludf.UNSUPPORTED("""COMPUTED_VALUE"""),"Cañas Cañas, Rubén") -> Cañas Cañas, Rubén | B97: =IFERROR(__xludf.UNSUPPORTED("""COMPUTED_VALUE"""),"Cañas Cañas") -> Cañas Cañas | C97: =IFERROR(__xludf.UNSUPPORTED("""COMPUTED_VALUE"""),"Rubén") -> Rubén | D97: =IFERROR(__xludf.UNSUPPORTED("""COMPUTED_VALUE"""),"04633293N") -> 04633293N
A98: =IFERROR(__xludf.UNSUPPORTED("""COMPUTED_VALUE"""),"Caparrós González, Rafael Arcangel") -> Caparrós González, Rafael Arcangel | B98: =IFERROR(__xludf.UNSUPPORTED("""COMPUTED_VALUE"""),"Caparrós González") -> Caparrós González | C98: =IFERROR(__xludf.UNSUPPORTED("""COMPUTED_VALUE"""),"Rafael Arcangel") -> Rafael Arcangel | D98: =IFERROR(__xludf.UNSUPPORTED("""COMPUTED_VALUE"""),"75876732P") -> 75876732P
A99: =IFERROR(__xludf.UNSUPPORTED("""COMPUTED_VALUE"""),"Carbonell Bernal, Noelia") -> Carbonell Bernal, Noelia | B99: =IFERROR(__xludf.UNSUPPORTED("""COMPUTED_VALUE"""),"Carbonell Bernal") -> Carbonell Bernal | C99: =IFERROR(__xludf.UNSUPPORTED("""COMPUTED_VALUE"""),"Noelia") -> Noelia | D99: =IFERROR(__xludf.UNSUPPORTED("""COMPUTED_VALUE"""),"23021253R") -> 23021253R
A100: =IFERROR(__xludf.UNSUPPORTED("""COMPUTED_VALUE"""),"Cárcel Valle, Lucía") -> Cárcel Valle, Lucía | B100: =IFERROR(__xludf.UNSUPPORTED("""COMPUTED_VALUE"""),"Cárcel Valle") -> Cárcel Valle | C100: =IFERROR(__xludf.UNSUPPORTED("""COMPUTED_VALUE"""),"Lucía") -> Lucía | D100: =IFERROR(__xludf.UNSUPPORTED("""COMPUTED_VALUE"""),"73657643M") -> 73657643M
...

Sheet Pagos
B16: DIRECCION | D16: < 9 | E16: 160 | G16: TRIBUNAL | H16: 20
D17: 12 | E17: 200 | G17: CRÉDITOS PROFESIONALES.: | H17: 0
D18: 15-18 | E18: 200 | G18: CRÉDITOS INVESTIGADORA.: | H18: 0
B20: Mercantil | C20: NIF Colaborador | D20: Num. tutorizaciones | E20: Num. tribunales | G20: €€ Tutorizaciones | H20: €€ Num.Tribunales | I20: PAGO ÍNTEGRO (cumplimentar "SÍ" si no han realizado todos los tribunales siguiendo la regla 1x3 pero hay que pasar el pago íntegro) | K20: IMPORTE TOTAL A ABONAR | L20: COMENTARIOS | M20: Nº Tutorizaciones (1) | N20: nº Tribunales (1) | O20: €€ Tutorizaciones (1) | P20: €€ Num.Tribunales (1) | Q20: IMPORTE TOTAL A ABONAR | R20: Pasado a VR (SÍ/NO) | S20: Nº Tutorizaciones (2) | T20: nº Tribunales (2) | U20: €€ Tutorizaciones (2) | V20: €€ Num.Tribunales (2) | W20: IMPORTE TOTAL A ABONAR | X20: Pasado a VR (SÍ/NO) | Y20: Nº Tutorizaciones (3) | Z20: nº Tribunales (3) | AA20: €€ Tutorizaciones (3) | AB20: €€ Num.Tribunales (3) | AC20: IMPORTE TOTAL A ABONAR | AD20: Pasado a VR (SÍ/NO) | AE20: Nº Tutorizaciones (4) | AF20: nº Tribunales (4) | AG20: €€ Tutorizaciones (4) | AH20: €€ Num.Tribunales (4) | AI20: IMPORTE TOTAL A ABONAR | AJ20: Pasado a VR (SÍ/NO)
A21: PROFESIONAL | B21: Bigay Mercedes, Bary Georderly | C21: =VLOOKUP(B21,'DATOS ASIGNACIÓN'!B:I,4,0) -> 40213993831 | D21: =COUNTIFS('LISTADOS TFM'!D:D,Pagos!B21,'LISTADOS TFM'!S:S,"SÍ") -> 0 | E21: =COUNTIF('LISTADOS TFM'!J:L,Pagos!B21) -> 0 | G21: =IF($H$17<9,$E$16,IF($H$17=$D$17,$E$17,$E$18))*D21 -> 0 | H21: =+E21*$H$16 -> 0 | J21: =IF(I21="SÍ",H21*-1,0) -> 0 | K21: =+G21+H21 -> 0 | M21: =+D21 -> 0 | N21: =+E21 -> 0 | O21: =IF($H$17<9,$E$16,IF($H$17=$D$17,$E$17,$E$18))*M21 -> 0 | P21: =+N21*$H$16 -> 0 | Q21: =+O21+P21 -> 0 | S21: =+D21-M21 -> 0 | T21: =+E21-N21 -> 0 | U21: =IF($H$17<9,$E$16,IF($H$17=$D$17,$E$17,$E$18))*S21 -> 0 | V21: =+T21*$H$16 -> 0 | W21: =+U21+V21 -> 0 | Y21: =+D21-M21-S21 -> 0 | Z21: =+E21-N21-T21 -> 0 | AA21: =IF($H$17<9,$E$16,IF($H$17=$D$17,$E$17,$E$18))*Y21 -> 0 | AB21: =+Z21*$H$16 -> 0 | AC21: =+AA21+AB21 -> 0 | AE21: =+D21-M21-S21-Y21 -> 0 | AF21: =+E21-N21-T21-Z21 -> 0 | AG21: =IF($H$17<9,$E$16,IF($H$17=$D$17,$E$17,$E$18))*AE21 -> 0 | AH21: =+AF21*$H$16 -> 0 | AI21: =+AG21+AH21 -> 0
A22: PROFESIONAL | B22: Bonzi, Carolina | C22: =VLOOKUP(B22,'DATOS ASIGNACIÓN'!B:I,4,0) -> ECBNZCLN81D64L219F | D22: =COUNTIFS('LISTADOS TFM'!D:D,Pagos!B22,'LISTADOS TFM'!S:S,"SÍ") -> 0 | E22: =COUNTIF('LISTADOS TFM'!J:L,Pagos!B22) -> 0 | F22: =IF(D22*3=E22,"OK",IF(D22*3<E22,"EXTRA","VALORAR")) -> OK | G22: =IF($H$17<9,$E$16,IF($H$17=$D$17,$E$17,$E$18))*D22 -> 0 | H22: =+E22*$H$16 -> 0 | J22: =IF(I22="SÍ",H22*-1,0) -> 0 | K22: =+G22+H22 -> 0 | M22: =+D22 -> 0 | N22: =+E22 -> 0 | O22: =IF($H$17<9,$E$16,IF($H$17=$D$17,$E$17,$E$18))*M22 -> 0 | P22: =+N22*$H$16 -> 0 | Q22: =+O22+P22 -> 0 | S22: =+D22-M22 -> 0 | T22: =+E22-N22 -> 0 | U22: =IF($H$17<9,$E$16,IF($H$17=$D$17,$E$17,$E$18))*S22 -> 0 | V22: =+T22*$H$16 -> 0 | W22: =+U22+V22 -> 0 | Y22: =+D22-M22-S22 -> 0 | Z22: =+E22-N22-T22 -> 0 | AA22: =IF($H$17<9,$E$16,IF($H$17=$D$17,$E$17,$E$18))*Y22 -> 0 | AB22: =+Z22*$H$16 -> 0 | AC22: =+AA22+AB22 -> 0 | AE22: =+D22-M22-S22-Y22 -> 0 | AF22: =+E22-N22-T22-Z22 -> 0 | AG22: =IF($H$17<9,$E$16,IF($H$17=$D$17,$E$17,$E$18))*AE22 -> 0 | AH22: =+AF22*$H$16 -> 0 | AI22: =+AG22+AH22 -> 0
A23: PROFESIONAL | B23: Cartas Cejudo, Paz | C23: =VLOOKUP(B23,'DATOS ASIGNACIÓN'!B:I,4,0) -> 26500888N | D23: =COUNTIFS('LISTADOS TFM'!D:D,Pagos!B23,'LISTADOS TFM'!S:S,"SÍ") -> 0 | E23: =COUNTIF('LISTADOS TFM'!J:L,Pagos!B23) -> 0 | G23: =IF($H$17<9,$E$16,IF($H$17=$D$17,$E$17,$E$18))*D23 -> 0 | H23: =+E23*$H$16 -> 0 | J23: =IF(I23="SÍ",H23*-1,0) -> 0 | K23: =+G23+H23 -> 0 | M23: =+D23 -> 0 | N23: =+E23 -> 0 | O23: =IF($H$17<9,$E$16,IF($H$17=$D$17,$E$17,$E$18))*M23 -> 0 | P23: =+N23*$H$16 -> 0 | Q23: =+O23+P23 -> 0 | S23: =+D23-M23 -> 0 | T23: =+E23-N23 -> 0 | U23: =IF($H$17<9,$E$16,IF($H$17=$D$17,$E$17,$E$18))*S23 -> 0 | V23: =+T23*$H$16 -> 0 | W23: =+U23+V23 -> 0 | Y23: =+D23-M23-S23 -> 0 | Z23: =+E23-N23-T23 -> 0 | AA23: =IF($H$17<9,$E$16,IF($H$17=$D$17,$E$17,$E$18))*Y23 -> 0 | AB23: =+Z23*$H$16 -> 0 | AC23: =+AA23+AB23 -> 0 | AE23: =+D23-M23-S23-Y23 -> 0 | AF23: =+E23-N23-T23-Z23 -> 0 | AG23: =IF($H$17<9,$E$16,IF($H$17=$D$17,$E$17,$E$18))*AE23 -> 0 | AH23: =+AF23*$H$16 -> 0 | AI23: =+AG23+AH23 -> 0
A24: PROFESIONAL | B24: Fraga Seijas, Carlota | C24: =VLOOKUP(B24,'DATOS ASIGNACIÓN'!B:I,4,0) -> 47361323E | D24: =COUNTIFS('LISTADOS TFM'!D:D,Pagos!B24,'LISTADOS TFM'!S:S,"SÍ") -> 0 | E24: =COUNTIF('LISTADOS TFM'!J:L,Pagos!B24) -> 0 | G24: =IF($H$17<9,$E$16,IF($H$17=$D$17,$E$17,$E$18))*D24 -> 0 | H24: =+E24*$H$16 -> 0 | J24: =IF(I24="SÍ",H24*-1,0) -> 0 | K24: =+G24+H24 -> 0 | M24: =+D24 -> 0 | N24: =+E24 -> 0 | O24: =IF($H$17<9,$E$16,IF($H$17=$D$17,$E$17,$E$18))*M24 -> 0 | P24: =+N24*$H$16 -> 0 | Q24: =+O24+P24 -> 0 | S24: =+D24-M24 -> 0 | T24: =+E24-N24 -> 0 | U24: =IF($H$17<9,$E$16,IF($H$17=$D$17,$E$17,$E$18))*S24 -> 0 | V24: =+T24*$H$16 -> 0 | W24: =+U24+V24 -> 0 | Y24: =+D24-M24-S24 -> 0 | Z24: =+E24-N24-T24 -> 0 | AA24: =IF($H$17<9,$E$16,IF($H$17=$D$17,$E$17,$E$18))*Y24 -> 0 | AB24: =+Z24*$H$16 -> 0 | AC24: =+AA24+AB24 -> 0 | AE24: =+D24-M24-S24-Y24 -> 0 | AF24: =+E24-N24-T24-Z24 -> 0 | AG24: =IF($H$17<9,$E$16,IF($H$17=$D$17,$E$17,$E$18))*AE24 -> 0 | AH24: =+AF24*$H$16 -> 0 | AI24: =+AG24+AH24 -> 0
A25: PROFESIONAL | B25: García Atutxa, Igor | C25: =VLOOKUP(B25,'DATOS ASIGNACIÓN'!B:I,4,0) -> 45752839C | D25: =COUNTIFS('LISTADOS TFM'!D:D,Pagos!B25,'LISTADOS TFM'!S:S,"SÍ") -> 0 | E25: =COUNTIF('LISTADOS TFM'!J:L,Pagos!B25) -> 0 | G25: =IF($H$17<9,$E$16,IF($H$17=$D$17,$E$17,$E$18))*D25 -> 0 | H25: =+E25*$H$16 -> 0 | J25: =IF(I25="SÍ",H25*-1,0) -> 0 | K25: =+G25+H25 -> 0 | M25: =+D25 -> 0 | N25: =+E25 -> 0 | O25: =IF($H$17<9,$E$16,IF($H$17=$D$17,$E$17,$E$18))*M25 -> 0 | P25: =+N25*$H$16 -> 0 | Q25: =+O25+P25 -> 0 | S25: =+D25-M25 -> 0 | T25: =+E25-N25 -> 0 | U25: =IF($H$17<9,$E$16,IF($H$17=$D$17,$E$17,$E$18))*S25 -> 0 | V25: =+T25*$H$16 -> 0 | W25: =+U25+V25 -> 0 | Y25: =+D25-M25-S25 -> 0 | Z25: =+E25-N25-T25 -> 0 | AA25: =IF($H$17<9,$E$16,IF($H$17=$D$17,$E$17,$E$18))*Y25 -> 0 | AB25: =+Z25*$H$16 -> 0 | AC25: =+AA25+AB25 -> 0 | AE25: =+D25-M25-S25-Y25 -> 0 | AF25: =+E25-N25-T25-Z25 -> 0 | AG25: =IF($H$17<9,$E$16,IF($H$17=$D$17,$E$17,$E$18))*AE25 -> 0 | AH25: =+AF25*$H$16 -> 0 | AI25: =+AG25+AH25 -> 0
A26: PROFESIONAL | B26: Guijarro Blanco, José María | C26: =VLOOKUP(B26,'DATOS ASIGNACIÓN'!B:I,4,0) -> 21011903T | D26: =COUNTIFS('LISTADOS TFM'!D:D,Pagos!B26,'LISTADOS TFM'!S:S,"SÍ") -> 0 | E26: =COUNTIF('LISTADOS TFM'!J:L,Pagos!B26) -> 0 | G26: =IF($H$17<9,$E$16,IF($H$17=$D$17,$E$17,$E$18))*D26 -> 0 | H26: =+E26*$H$16 -> 0 | J26: =IF(I26="SÍ",H26*-1,0) -> 0 | K26: =+G26+H26 -> 0 | M26: =+D26 -> 0 | N26: =+E26 -> 0 | O26: =IF($H$17<9,$E$16,IF($H$17=$D$17,$E$17,$E$18))*M26 -> 0 | P26: =+N26*$H$16 -> 0 | Q26: =+O26+P26 -> 0 | S26: =+D26-M26 -> 0 | T26: =+E26-N26 -> 0 | U26: =IF($H$17<9,$E$16,IF($H$17=$D$17,$E$17,$E$18))*S26 -> 0 | V26: =+T26*$H$16 -> 0 | W26: =+U26+V26 -> 0 | Y26: =+D26-M26-S26 -> 0 | Z26: =+E26-N26-T26 -> 0 | AA26: =IF($H$17<9,$E$16,IF($H$17=$D$17,$E$17,$E$18))*Y26 -> 0 | AB26: =+Z26*$H$16 -> 0 | AC26: =+AA26+AB26 -> 0 | AE26: =+D26-M26-S26-Y26 -> 0 | AF26: =+E26-N26-T26-Z26 -> 0 | AG26: =IF($H$17<9,$E$16,IF($H$17=$D$17,$E$17,$E$18))*AE26 -> 0 | AH26: =+AF26*$H$16 -> 0 | AI26: =+AG26+AH26 -> 0
A27: PROFESIONAL | B27: Guillén Martín, María de la Paz | C27: =VLOOKUP(B27,'DATOS ASIGNACIÓN'!B:I,4,0) -> 18459003P | D27: =COUNTIFS('LISTADOS TFM'!D:D,Pagos!B27,'LISTADOS TFM'!S:S,"SÍ") -> 0 | E27: =COUNTIF('LISTADOS TFM'!J:L,Pagos!B27) -> 0 | G27: =IF($H$17<9,$E$16,IF($H$17=$D$17,$E$17,$E$18))*D27 -> 0 | H27: =+E27*$H$16 -> 0 | J27: =IF(I27="SÍ",H27*-1,0) -> 0 | K27: =+G27+H27 -> 0 | M27: =+D27 -> 0 | N27: =+E27 -> 0 | O27: =IF($H$17<9,$E$16,IF($H$17=$D$17,$E$17,$E$18))*M27 -> 0 | P27: =+N27*$H$16 -> 0 | Q27: =+O27+P27 -> 0 | S27: =+D27-M27 -> 0 | T27: =+E27-N27 -> 0 | U27: =IF($H$17<9,$E$16,IF($H$17=$D$17,$E$17,$E$18))*S27 -> 0 | V27: =+T27*$H$16 -> 0 | W27: =+U27+V27 -> 0 | Y27: =+D27-M27-S27 -> 0 | Z27: =+E27-N27-T27 -> 0 | AA27: =IF($H$17<9,$E$16,IF($H$17=$D$17,$E$17,$E$18))*Y27 -> 0 | AB27: =+Z27*$H$16 -> 0 | AC27: =+AA27+AB27 -> 0 | AE27: =+D27-M27-S27-Y27 -> 0 | AF27: =+E27-N27-T27-Z27 -> 0 | AG27: =IF($H$17<9,$E$16,IF($H$17=$D$17,$E$17,$E$18))*AE27 -> 0 | AH27: =+AF27*$H$16 -> 0 | AI27: =+AG27+AH27 -> 0
A28: PROFESIONAL | B28: Hernández Hernández, Laura | C28: =VLOOKUP(B28,'DATOS ASIGNACIÓN'!B:I,4,0) -> 07981414T | D28: =COUNTIFS('LISTADOS TFM'!D:D,Pagos!B28,'LISTADOS TFM'!S:S,"SÍ") -> 0 | E28: =COUNTIF('LISTADOS TFM'!J:L,Pagos!B28) -> 0 | G28: =IF($H$17<9,$E$16,IF($H$17=$D$17,$E$17,$E$18))*D28 -> 0 | H28: =+E28*$H$16 -> 0 | J28: =IF(I28="SÍ",H28*-1,0) -> 0 | K28: =+G28+H28 -> 0 | M28: =+D28 -> 0 | N28: =+E28 -> 0 | O28: =IF($H$17<9,$E$16,IF($H$17=$D$17,$E$17,$E$18))*M28 -> 0 | P28: =+N28*$H$16 -> 0 | Q28: =+O28+P28 -> 0 | S28: =+D28-M28 -> 0 | T28: =+E28-N28 -> 0 | U28: =IF($H$17<9,$E$16,IF($H$17=$D$17,$E$17,$E$18))*S28 -> 0 | V28: =+T28*$H$16 -> 0 | W28: =+U28+V28 -> 0 | Y28: =+D28-M28-S28 -> 0 | Z28: =+E28-N28-T28 -> 0 | AA28: =IF($H$17<9,$E$16,IF($H$17=$D$17,$E$17,$E$18))*Y28 -> 0 | AB28: =+Z28*$H$16 -> 0 | AC28: =+AA28+AB28 -> 0 | AE28: =+D28-M28-S28-Y28 -> 0 | AF28: =+E28-N28-T28-Z28 -> 0 | AG28: =IF($H$17<9,$E$16,IF($H$17=$D$17,$E$17,$E$18))*AE28 -> 0 | AH28: =+AF28*$H$16 -> 0 | AI28: =+AG28+AH28 -> 0
A29: PROFESIONAL | B29: López Zaplana, Álvaro | C29: =VLOOKUP(B29,'DATOS ASIGNACIÓN'!B:I,4,0) -> 23300658W | D29: =COUNTIFS('LISTADOS TFM'!D:D,Pagos!B29,'LISTADOS TFM'!S:S,"SÍ") -> 0 | E29: =COUNTIF('LISTADOS TFM'!J:L,Pagos!B29) -> 0 | G29: =IF($H$17<9,$E$16,IF($H$17=$D$17,$E$17,$E$18))*D29 -> 0 | H29: =+E29*$H$16 -> 0 | J29: =IF(I29="SÍ",H29*-1,0) -> 0 | K29: =+G29+H29 -> 0 | M29: =+D29 -> 0 | N29: =+E29 -> 0 | O29: =IF($H$17<9,$E$16,IF($H$17=$D$17,$E$17,$E$18))*M29 -> 0 | P29: =+N29*$H$16 -> 0 | Q29: =+O29+P29 -> 0 | S29: =+D29-M29 -> 0 | T29: =+E29-N29 -> 0 | U29: =IF($H$17<9,$E$16,IF($H$17=$D$17,$E$17,$E$18))*S29 -> 0 | V29: =+T29*$H$16 -> 0 | W29: =+U29+V29 -> 0 | Y29: =+D29-M29-S29 -> 0 | Z29: =+E29-N29-T29 -> 0 | AA29: =IF($H$17<9,$E$16,IF($H$17=$D$17,$E$17,$E$18))*Y29 -> 0 | AB29: =+Z29*$H$16 -> 0 | AC29: =+AA29+AB29 -> 0 | AE29: =+D29-M29-S29-Y29 -> 0 | AF29: =+E29-N29-T29-Z29 -> 0 | AG29: =IF($H$17<9,$E$16,IF($H$17=$D$17,$E$17,$E$18))*AE29 -> 0 | AH29: =+AF29*$H$16 -> 0 | AI29: =+AG29+AH29 -> 0
A30: PROFESIONAL | B30: Marín García, Pablo | C30: =VLOOKUP(B30,'DATOS ASIGNACIÓN'!B:I,4,0) -> 52653545J | D30: =COUNTIFS('LISTADOS TFM'!D:D,Pagos!B30,'LISTADOS TFM'!S:S,"SÍ") -> 0 | E30: =COUNTIF('LISTADOS TFM'!J:L,Pagos!B30) -> 0 | G30: =IF($H$17<9,$E$16,IF($H$17=$D$17,$E$17,$E$18))*D30 -> 0 | H30: =+E30*$H$16 -> 0 | J30: =IF(I30="SÍ",H30*-1,0) -> 0 | K30: =+G30+H30 -> 0 | M30: =+D30 -> 0 | N30: =+E30 -> 0 | O30: =IF($H$17<9,$E$16,IF($H$17=$D$17,$E$17,$E$18))*M30 -> 0 | P30: =+N30*$H$16 -> 0 | Q30: =+O30+P30 -> 0 | S30: =+D30-M30 -> 0 | T30: =+E30-N30 -> 0 | U30: =IF($H$17<9,$E$16,IF($H$17=$D$17,$E$17,$E$18))*S30 -> 0 | V30: =+T30*$H$16 -> 0 | W30: =+U30+V30 -> 0 | Y30: =+D30-M30-S30 -> 0 | Z30: =+E30-N30-T30 -> 0 | AA30: =IF($H$17<9,$E$16,IF($H$17=$D$17,$E$17,$E$18))*Y30 -> 0 | AB30: =+Z30*$H$16 -> 0 | AC30: =+AA30+AB30 -> 0 | AE30: =+D30-M30-S30-Y30 -> 0 | AF30: =+E30-N30-T30-Z30 -> 0 | AG30: =IF($H$17<9,$E$16,IF($H$17=$D$17,$E$17,$E$18))*AE30 -> 0 | AH30: =+AF30*$H$16 -> 0 | AI30: =+AG30+AH30 -> 0
A31: PROFESIONAL | B31: Martínez Montañés, Fernando | C31: =VLOOKUP(B31,'DATOS ASIGNACIÓN'!B:I,4,0) -> 44863903B | D31: =COUNTIFS('LISTADOS TFM'!D:D,Pagos!B31,'LISTADOS TFM'!S:S,"SÍ") -> 0 | E31: =COUNTIF('LISTADOS TFM'!J:L,Pagos!B31) -> 0 | G31: =IF($H$17<9,$E$16,IF($H$17=$D$17,$E$17,$E$18))*D31 -> 0 | H31: =+E31*$H$16 -> 0 | J31: =IF(I31="SÍ",H31*-1,0) -> 0 | K31: =+G31+H31 -> 0 | M31: =+D31 -> 0 | N31: =+E31 -> 0 | O31: =IF($H$17<9,$E$16,IF($H$17=$D$17,$E$17,$E$18))*M31 -> 0 | P31: =+N31*$H$16 -> 0 | Q31: =+O31+P31 -> 0 | S31: =+D31-M31 -> 0 | T31: =+E31-N31 -> 0 | U31: =IF($H$17<9,$E$16,IF($H$17=$D$17,$E$17,$E$18))*S31 -> 0 | V31: =+T31*$H$16 -> 0 | W31: =+U31+V31 -> 0 | Y31: =+D31-M31-S31 -> 0 | Z31: =+E31-N31-T31 -> 0 | AA31: =IF($H$17<9,$E$16,IF($H$17=$D$17,$E$17,$E$18))*Y31 -> 0 | AB31: =+Z31*$H$16 -> 0 | AC31: =+AA31+AB31 -> 0 | AE31: =+D31-M31-S31-Y31 -> 0 | AF31: =+E31-N31-T31-Z31 -> 0 | AG31: =IF($H$17<9,$E$16,IF($H$17=$D$17,$E$17,$E$18))*AE31 -> 0 | AH31: =+AF31*$H$16 -> 0 | AI31: =+AG31+AH31 -> 0
A32: PROFESIONAL | B32: Moldovan Moldovan, Roxana Andreea | C32: =VLOOKUP(B32,'DATOS ASIGNACIÓN'!B:I,4,0) -> 06339169R | D32: =COUNTIFS('LISTADOS TFM'!D:D,Pagos!B32,'LISTADOS TFM'!S:S,"SÍ") -> 0 | E32: =COUNTIF('LISTADOS TFM'!J:L,Pagos!B32) -> 0 | G32: =IF($H$17<9,$E$16,IF($H$17=$D$17,$E$17,$E$18))*D32 -> 0 | H32: =+E32*$H$16 -> 0 | J32: =IF(I32="SÍ",H32*-1,0) -> 0 | K32: =+G32+H32 -> 0 | M32: =+D32 -> 0 | N32: =+E32 -> 0 | O32: =IF($H$17<9,$E$16,IF($H$17=$D$17,$E$17,$E$18))*M32 -> 0 | P32: =+N32*$H$16 -> 0 | Q32: =+O32+P32 -> 0 | S32: =+D32-M32 -> 0 | T32: =+E32-N32 -> 0 | U32: =IF($H$17<9,$E$16,IF($H$17=$D$17,$E$17,$E$18))*S32 -> 0 | V32: =+T32*$H$16 -> 0 | W32: =+U32+V32 -> 0 | Y32: =+D32-M32-S32 -> 0 | Z32: =+E32-N32-T32 -> 0 | AA32: =IF($H$17<9,$E$16,IF($H$17=$D$17,$E$17,$E$18))*Y32 -> 0 | AB32: =+Z32*$H$16 -> 0 | AC32: =+AA32+AB32 -> 0 | AE32: =+D32-M32-S32-Y32 -> 0 | AF32: =+E32-N32-T32-Z32 -> 0 | AG32: =IF($H$17<9,$E$16,IF($H$17=$D$17,$E$17,$E$18))*AE32 -> 0 | AH32: =+AF32*$H$16 -> 0 | AI32: =+AG32+AH32 -> 0
A33: PROFESIONAL | B33: Morante Palacios, Octavio | C33: =VLOOKUP(B33,'DATOS ASIGNACIÓN'!B:I,4,0) -> 44891300S | D33: =COUNTIFS('LISTADOS TFM'!D:D,Pagos!B33,'LISTADOS TFM'!S:S,"SÍ") -> 0 | E33: =COUNTIF('LISTADOS TFM'!J:L,Pagos!B33) -> 0 | G33: =IF($H$17<9,$E$16,IF($H$17=$D$17,$E$17,$E$18))*D33 -> 0 | H33: =+E33*$H$16 -> 0 | J33: =IF(I33="SÍ",H33*-1,0) -> 0 | K33: =+G33+H33 -> 0 | M33: =+D33 -> 0 | N33: =+E33 -> 0 | O33: =IF($H$17<9,$E$16,IF($H$17=$D$17,$E$17,$E$18))*M33 -> 0 | P33: =+N33*$H$16 -> 0 | Q33: =+O33+P33 -> 0 | S33: =+D33-M33 -> 0 | T33: =+E33-N33 -> 0 | U33: =IF($H$17<9,$E$16,IF($H$17=$D$17,$E$17,$E$18))*S33 -> 0 | V33: =+T33*$H$16 -> 0 | W33: =+U33+V33 -> 0 | Y33: =+D33-M33-S33 -> 0 | Z33: =+E33-N33-T33 -> 0 | AA33: =IF($H$17<9,$E$16,IF($H$17=$D$17,$E$17,$E$18))*Y33 -> 0 | AB33: =+Z33*$H$16 -> 0 | AC33: =+AA33+AB33 -> 0 | AE33: =+D33-M33-S33-Y33 -> 0 | AF33: =+E33-N33-T33-Z33 -> 0 | AG33: =IF($H$17<9,$E$16,IF($H$17=$D$17,$E$17,$E$18))*AE33 -> 0 | AH33: =+AF33*$H$16 -> 0 | AI33: =+AG33+AH33 -> 0
A34: PROFESIONAL | B34: Neef, Alexander | C34: =VLOOKUP(B34,'DATOS ASIGNACIÓN'!B:I,4,0) -> X5510546E | D34: =COUNTIFS('LISTADOS TFM'!D:D,Pagos!B34,'LISTADOS TFM'!S:S,"SÍ") -> 0 | E34: =COUNTIF('LISTADOS TFM'!J:L,Pagos!B34) -> 0 | G34: =IF($H$17<9,$E$16,IF($H$17=$D$17,$E$17,$E$18))*D34 -> 0 | H34: =+E34*$H$16 -> 0 | J34: =IF(I34="SÍ",H34*-1,0) -> 0 | K34: =+G34+H34 -> 0 | M34: =+D34 -> 0 | N34: =+E34 -> 0 | O34: =IF($H$17<9,$E$16,IF($H$17=$D$17,$E$17,$E$18))*M34 -> 0 | P34: =+N34*$H$16 -> 0 | Q34: =+O34+P34 -> 0 | S34: =+D34-M34 -> 0 | T34: =+E34-N34 -> 0 | U34: =IF($H$17<9,$E$16,IF($H$17=$D$17,$E$17,$E$18))*S34 -> 0 | V34: =+T34*$H$16 -> 0 | W34: =+U34+V34 -> 0 | Y34: =+D34-M34-S34 -> 0 | Z34: =+E34-N34-T34 -> 0 | AA34: =IF($H$17<9,$E$16,IF($H$17=$D$17,$E$17,$E$18))*Y34 -> 0 | AB34: =+Z34*$H$16 -> 0 | AC34: =+AA34+AB34 -> 0 | AE34: =+D34-M34-S34-Y34 -> 0 | AF34: =+E34-N34-T34-Z34 -> 0 | AG34: =IF($H$17<9,$E$16,IF($H$17=$D$17,$E$17,$E$18))*AE34 -> 0 | AH34: =+AF34*$H$16 -> 0 | AI34: =+AG34+AH34 -> 0
... A41: PROFESIONAL | B41: Zúñiga Trejos, Sheila | C41: =VLOOKUP(B41,'DATOS ASIGNACIÓN'!B:I,4,0) -> 70874038K | D41: =COUNTIFS('LISTADOS TFM'!D:D,Pagos!B41,'LISTADOS TFM'!S:S,"SÍ") -> 0 | E41: =COUNTIF('LISTADOS TFM'!J:L,Pagos!B41) -> 0 | G41: =IF($H$17<9,$E$16,IF($H$17=$D$17,$E$17,$E$18))*D41 -> 0 | H41: =+E41*$H$16 -> 0 | J41: =IF(I41="SÍ",H41*-1,0) -> 0 | K41: =+G41+H41 -> 0 | M41: =+D41 -> 0 | N41: =+E41 -> 0 | O41: =IF($H$17<9,$E$16,IF($H$17=$D$17,$E$17,$E$18))*M41 -> 0 | P41: =+N41*$H$16 -> 0 | Q41: =+O41+P41 -> 0 | S41: =+D41-M41 -> 0 | T41: =+E41-N41 -> 0 | U41: =IF($H$17<9,$E$16,IF($H$17=$D$17,$E$17,$E$18))*S41 -> 0 | V41: =+T41*$H$16 -> 0 | W41: =+U41+V41 -> 0 | Y41: =+D41-M41-S41 -> 0 | Z41: =+E41-N41-T41 -> 0 | AA41: =IF($H$17<9,$E$16,IF($H$17=$D$17,$E$17,$E$18))*Y41 -> 0 | AB41: =+Z41*$H$16 -> 0 | AC41: =+AA41+AB41 -> 0 | AE41: =+D41-M41-S41-Y41 -> 0 | AF41: =+E41-N41-T41-Z41 -> 0 | AG41: =IF($H$17<9,$E$16,IF($H$17=$D$17,$E$17,$E$18))*AE41 -> 0 | AH41: =+AF41*$H$16 -> 0 | AI41: =+AG41+AH41 -> 0
A42: PROFESIONAL | C42: =VLOOKUP(B42,'DATOS ASIGNACIÓN'!B:I,4,0) -> #N/A | D42: =COUNTIFS('LISTADOS TFM'!D:D,Pagos!B42,'LISTADOS TFM'!S:S,"SÍ") -> 0 | E42: =COUNTIF('LISTADOS TFM'!J:L,Pagos!B42) -> 0 | G42: =IF($H$17<9,$E$16,IF($H$17=$D$17,$E$17,$E$18))*D42 -> 0 | H42: =+E42*$H$16 -> 0 | J42: =IF(I42="SÍ",H42*-1,0) -> 0 | K42: =+G42+H42 -> 0 | M42: =+D42 -> 0 | N42: =+E42 -> 0 | O42: =IF($H$17<9,$E$16,IF($H$17=$D$17,$E$17,$E$18))*M42 -> 0 | P42: =+N42*$H$16 -> 0 | Q42: =+O42+P42 -> 0 | S42: =+D42-M42 -> 0 | T42: =+E42-N42 -> 0 | U42: =IF($H$17<9,$E$16,IF($H$17=$D$17,$E$17,$E$18))*S42 -> 0 | V42: =+T42*$H$16 -> 0 | W42: =+U42+V42 -> 0 | Y42: =+D42-M42-S42 -> 0 | Z42: =+E42-N42-T42 -> 0 | AA42: =IF($H$17<9,$E$16,IF($H$17=$D$17,$E$17,$E$18))*Y42 -> 0 | AB42: =+Z42*$H$16 -> 0 | AC42: =+AA42+AB42 -> 0 | AE42: =+D42-M42-S42-Y42 -> 0 | AF42: =+E42-N42-T42-Z42 -> 0 | AG42: =IF($H$17<9,$E$16,IF($H$17=$D$17,$E$17,$E$18))*AE42 -> 0 | AH42: =+AF42*$H$16 -> 0 | AI42: =+AG42+AH42 -> 0
A43: PROFESIONAL | C43: =VLOOKUP(B43,'DATOS ASIGNACIÓN'!B:I,4,0) -> #N/A | D43: =COUNTIFS('LISTADOS TFM'!D:D,Pagos!B43,'LISTADOS TFM'!S:S,"SÍ") -> 0 | E43: =COUNTIF('LISTADOS TFM'!J:L,Pagos!B43) -> 0 | G43: =IF($H$17<9,$E$16,IF($H$17=$D$17,$E$17,$E$18))*D43 -> 0 | H43: =+E43*$H$16 -> 0 | J43: =IF(I43="SÍ",H43*-1,0) -> 0 | K43: =+G43+H43 -> 0 | M43: =+D43 -> 0 | N43: =+E43 -> 0 | O43: =IF($H$17<9,$E$16,IF($H$17=$D$17,$E$17,$E$18))*M43 -> 0 | P43: =+N43*$H$16 -> 0 | Q43: =+O43+P43 -> 0 | S43: =+D43-M43 -> 0 | T43: =+E43-N43 -> 0 | U43: =IF($H$17<9,$E$16,IF($H$17=$D$17,$E$17,$E$18))*S43 -> 0 | V43: =+T43*$H$16 -> 0 | W43: =+U43+V43 -> 0 | Y43: =+D43-M43-S43 -> 0 | Z43: =+E43-N43-T43 -> 0 | AA43: =IF($H$17<9,$E$16,IF($H$17=$D$17,$E$17,$E$18))*Y43 -> 0 | AB43: =+Z43*$H$16 -> 0 | AC43: =+AA43+AB43 -> 0 | AE43: =+D43-M43-S43-Y43 -> 0 | AF43: =+E43-N43-T43-Z43 -> 0 | AG43: =IF($H$17<9,$E$16,IF($H$17=$D$17,$E$17,$E$18))*AE43 -> 0 | AH43: =+AF43*$H$16 -> 0 | AI43: =+AG43+AH43 -> 0
A44: PROFESIONAL | C44: =VLOOKUP(B44,'DATOS ASIGNACIÓN'!B:I,4,0) -> #N/A | D44: =COUNTIFS('LISTADOS TFM'!D:D,Pagos!B44,'LISTADOS TFM'!S:S,"SÍ") -> 0 | E44: =COUNTIF('LISTADOS TFM'!J:L,Pagos!B44) -> 0 | G44: =IF($H$17<9,$E$16,IF($H$17=$D$17,$E$17,$E$18))*D44 -> 0 | H44: =+E44*$H$16 -> 0 | J44: =IF(I44="SÍ",H44*-1,0) -> 0 | K44: =+G44+H44 -> 0 | M44: =+D44 -> 0 | N44: =+E44 -> 0 | O44: =IF($H$17<9,$E$16,IF($H$17=$D$17,$E$17,$E$18))*M44 -> 0 | P44: =+N44*$H$16 -> 0 | Q44: =+O44+P44 -> 0 | S44: =+D44-M44 -> 0 | T44: =+E44-N44 -> 0 | U44: =IF($H$17<9,$E$16,IF($H$17=$D$17,$E$17,$E$18))*S44 -> 0 | V44: =+T44*$H$16 -> 0 | W44: =+U44+V44 -> 0 | Y44: =+D44-M44-S44 -> 0 | Z44: =+E44-N44-T44 -> 0 | AA44: =IF($H$17<9,$E$16,IF($H$17=$D$17,$E$17,$E$18))*Y44 -> 0 | AB44: =+Z44*$H$16 -> 0 | AC44: =+AA44+AB44 -> 0 | AE44: =+D44-M44-S44-Y44 -> 0 | AF44: =+E44-N44-T44-Z44 -> 0 | AG44: =IF($H$17<9,$E$16,IF($H$17=$D$17,$E$17,$E$18))*AE44 -> 0 | AH44: =+AF44*$H$16 -> 0 | AI44: =+AG44+AH44 -> 0
A45: PROFESIONAL | C45: =VLOOKUP(B45,'DATOS ASIGNACIÓN'!B:I,4,0) -> #N/A | D45: =COUNTIFS('LISTADOS TFM'!D:D,Pagos!B45,'LISTADOS TFM'!S:S,"SÍ") -> 0 | E45: =COUNTIF('LISTADOS TFM'!J:L,Pagos!B45) -> 0 | G45: =IF($H$17<9,$E$16,IF($H$17=$D$17,$E$17,$E$18))*D45 -> 0 | H45: =+E45*$H$16 -> 0 | J45: =IF(I45="SÍ",H45*-1,0) -> 0 | K45: =+G45+H45 -> 0 | M45: =+D45 -> 0 | N45: =+E45 -> 0 | O45: =IF($H$17<9,$E$16,IF($H$17=$D$17,$E$17,$E$18))*M45 -> 0 | P45: =+N45*$H$16 -> 0 | Q45: =+O45+P45 -> 0 | S45: =+D45-M45 -> 0 | T45: =+E45-N45 -> 0 | U45: =IF($H$17<9,$E$16,IF($H$17=$D$17,$E$17,$E$18))*S45 -> 0 | V45: =+T45*$H$16 -> 0 | W45: =+U45+V45 -> 0 | Y45: =+D45-M45-S45 -> 0 | Z45: =+E45-N45-T45 -> 0 | AA45: =IF($H$17<9,$E$16,IF($H$17=$D$17,$E$17,$E$18))*Y45 -> 0 | AB45: =+Z45*$H$16 -> 0 | AC45: =+AA45+AB45 -> 0 | AE45: =+D45-M45-S45-Y45 -> 0 | AF45: =+E45-N45-T45-Z45 -> 0 | AG45: =IF($H$17<9,$E$16,IF($H$17=$D$17,$E$17,$E$18))*AE45 -> 0 | AH45: =+AF45*$H$16 -> 0 | AI45: =+AG45+AH45 -> 0
A46: PROFESIONAL | C46: =VLOOKUP(B46,'DATOS ASIGNACIÓN'!B:I,4,0) -> #N/A | D46: =COUNTIFS('LISTADOS TFM'!D:D,Pagos!B46,'LISTADOS TFM'!S:S,"SÍ") -> 0 | E46: =COUNTIF('LISTADOS TFM'!J:L,Pagos!B46) -> 0 | G46: =IF($H$17<9,$E$16,IF($H$17=$D$17,$E$17,$E$18))*D46 -> 0 | H46: =+E46*$H$16 -> 0 | J46: =IF(I46="SÍ",H46*-1,0) -> 0 | K46: =+G46+H46 -> 0 | M46: =+D46 -> 0 | N46: =+E46 -> 0 | O46: =IF($H$17<9,$E$16,IF($H$17=$D$17,$E$17,$E$18))*M46 -> 0 | P46: =+N46*$H$16 -> 0 | Q46: =+O46+P46 -> 0 | S46: =+D46-M46 -> 0 | T46: =+E46-N46 -> 0 | U46: =IF($H$17<9,$E$16,IF($H$17=$D$17,$E$17,$E$18))*S46 -> 0 | V46: =+T46*$H$16 -> 0 | W46: =+U46+V46 -> 0 | Y46: =+D46-M46-S46 -> 0 | Z46: =+E46-N46-T46 -> 0 | AA46: =IF($H$17<9,$E$16,IF($H$17=$D$17,$E$17,$E$18))*Y46 -> 0 | AB46: =+Z46*$H$16 -> 0 | AC46: =+AA46+AB46 -> 0 | AE46: =+D46-M46-S46-Y46 -> 0 | AF46: =+E46-N46-T46-Z46 -> 0 | AG46: =IF($H$17<9,$E$16,IF($H$17=$D$17,$E$17,$E$18))*AE46 -> 0 | AH46: =+AF46*$H$16 -> 0 | AI46: =+AG46+AH46 -> 0
A47: PROFESIONAL | C47: =VLOOKUP(B47,'DATOS ASIGNACIÓN'!B:I,4,0) -> #N/A | D47: =COUNTIFS('LISTADOS TFM'!D:D,Pagos!B47,'LISTADOS TFM'!S:S,"SÍ") -> 0 | E47: =COUNTIF('LISTADOS TFM'!J:L,Pagos!B47) -> 0 | G47: =IF($H$17<9,$E$16,IF($H$17=$D$17,$E$17,$E$18))*D47 -> 0 | H47: =+E47*$H$16 -> 0 | J47: =IF(I47="SÍ",H47*-1,0) -> 0 | K47: =+G47+H47 -> 0 | M47: =+D47 -> 0 | N47: =+E47 -> 0 | O47: =IF($H$17<9,$E$16,IF($H$17=$D$17,$E$17,$E$18))*M47 -> 0 | P47: =+N47*$H$16 -> 0 | Q47: =+O47+P47 -> 0 | S47: =+D47-M47 -> 0 | T47: =+E47-N47 -> 0 | U47: =IF($H$17<9,$E$16,IF($H$17=$D$17,$E$17,$E$18))*S47 -> 0 | V47: =+T47*$H$16 -> 0 | W47: =+U47+V47 -> 0 | Y47: =+D47-M47-S47 -> 0 | Z47: =+E47-N47-T47 -> 0 | AA47: =IF($H$17<9,$E$16,IF($H$17=$D$17,$E$17,$E$18))*Y47 -> 0 | AB47: =+Z47*$H$16 -> 0 | AC47: =+AA47+AB47 -> 0 | AE47: =+D47-M47-S47-Y47 -> 0 | AF47: =+E47-N47-T47-Z47 -> 0 | AG47: =IF($H$17<9,$E$16,IF($H$17=$D$17,$E$17,$E$18))*AE47 -> 0 | AH47: =+AF47*$H$16 -> 0 | AI47: =+AG47+AH47 -> 0
A48: PROFESIONAL | C48: =VLOOKUP(B48,'DATOS ASIGNACIÓN'!B:I,4,0) -> #N/A | D48: =COUNTIFS('LISTADOS TFM'!D:D,Pagos!B48,'LISTADOS TFM'!S:S,"SÍ") -> 0 | E48: =COUNTIF('LISTADOS TFM'!J:L,Pagos!B48) -> 0 | G48: =IF($H$17<9,$E$16,IF($H$17=$D$17,$E$17,$E$18))*D48 -> 0 | H48: =+E48*$H$16 -> 0 | J48: =IF(I48="SÍ",H48*-1,0) -> 0 | K48: =+G48+H48 -> 0 | M48: =+D48 -> 0 | N48: =+E48 -> 0 | O48: =IF($H$17<9,$E$16,IF($H$17=$D$17,$E$17,$E$18))*M48 -> 0 | P48: =+N48*$H$16 -> 0 | Q48: =+O48+P48 -> 0 | S48: =+D48-M48 -> 0 | T48: =+E48-N48 -> 0 | U48: =IF($H$17<9,$E$16,IF($H$17=$D$17,$E$17,$E$18))*S48 -> 0 | V48: =+T48*$H$16 -> 0 | W48: =+U48+V48 -> 0 | Y48: =+D48-M48-S48 -> 0 | Z48: =+E48-N48-T48 -> 0 | AA48: =IF($H$17<9,$E$16,IF($H$17=$D$17,$E$17,$E$18))*Y48 -> 0 | AB48: =+Z48*$H$16 -> 0 | AC48: =+AA48+AB48 -> 0 | AE48: =+D48-M48-S48-Y48 -> 0 | AF48: =+E48-N48-T48-Z48 -> 0 | AG48: =IF($H$17<9,$E$16,IF($H$17=$D$17,$E$17,$E$18))*AE48 -> 0 | AH48: =+AF48*$H$16 -> 0 | AI48: =+AG48+AH48 -> 0
A49: PROFESIONAL | C49: =VLOOKUP(B49,'DATOS ASIGNACIÓN'!B:I,4,0) -> #N/A | D49: =COUNTIFS('LISTADOS TFM'!D:D,Pagos!B49,'LISTADOS TFM'!S:S,"SÍ") -> 0 | E49: =COUNTIF('LISTADOS TFM'!J:L,Pagos!B49) -> 0 | G49: =IF($H$17<9,$E$16,IF($H$17=$D$17,$E$17,$E$18))*D49 -> 0 | H49: =+E49*$H$16 -> 0 | J49: =IF(I49="SÍ",H49*-1,0) -> 0 | K49: =+G49+H49 -> 0 | M49: =+D49 -> 0 | N49: =+E49 -> 0 | O49: =IF($H$17<9,$E$16,IF($H$17=$D$17,$E$17,$E$18))*M49 -> 0 | P49: =+N49*$H$16 -> 0 | Q49: =+O49+P49 -> 0 | S49: =+D49-M49 -> 0 | T49: =+E49-N49 -> 0 | U49: =IF($H$17<9,$E$16,IF($H$17=$D$17,$E$17,$E$18))*S49 -> 0 | V49: =+T49*$H$16 -> 0 | W49: =+U49+V49 -> 0 | Y49: =+D49-M49-S49 -> 0 | Z49: =+E49-N49-T49 -> 0 | AA49: =IF($H$17<9,$E$16,IF($H$17=$D$17,$E$17,$E$18))*Y49 -> 0 | AB49: =+Z49*$H$16 -> 0 | AC49: =+AA49+AB49 -> 0 | AE49: =+D49-M49-S49-Y49 -> 0 | AF49: =+E49-N49-T49-Z49 -> 0 | AG49: =IF($H$17<9,$E$16,IF($H$17=$D$17,$E$17,$E$18))*AE49 -> 0 | AH49: =+AF49*$H$16 -> 0 | AI49: =+AG49+AH49 -> 0
A50: PROFESIONAL | C50: =VLOOKUP(B50,'DATOS ASIGNACIÓN'!B:I,4,0) -> #N/A | D50: =COUNTIFS('LISTADOS TFM'!D:D,Pagos!B50,'LISTADOS TFM'!S:S,"SÍ") -> 0 | E50: =COUNTIF('LISTADOS TFM'!J:L,Pagos!B50) -> 0 | G50: =IF($H$17<9,$E$16,IF($H$17=$D$17,$E$17,$E$18))*D50 -> 0 | H50: =+E50*$H$16 -> 0 | J50: =IF(I50="SÍ",H50*-1,0) -> 0 | K50: =+G50+H50 -> 0 | M50: =+D50 -> 0 | N50: =+E50 -> 0 | O50: =IF($H$17<9,$E$16,IF($H$17=$D$17,$E$17,$E$18))*M50 -> 0 | P50: =+N50*$H$16 -> 0 | Q50: =+O50+P50 -> 0 | S50: =+D50-M50 -> 0 | T50: =+E50-N50 -> 0 | U50: =IF($H$17<9,$E$16,IF($H$17=$D$17,$E$17,$E$18))*S50 -> 0 | V50: =+T50*$H$16 -> 0 | W50: =+U50+V50 -> 0 | Y50: =+D50-M50-S50 -> 0 | Z50: =+E50-N50-T50 -> 0 | AA50: =IF($H$17<9,$E$16,IF($H$17=$D$17,$E$17,$E$18))*Y50 -> 0 | AB50: =+Z50*$H$16 -> 0 | AC50: =+AA50+AB50 -> 0 | AE50: =+D50-M50-S50-Y50 -> 0 | AF50: =+E50-N50-T50-Z50 -> 0 | AG50: =IF($H$17<9,$E$16,IF($H$17=$D$17,$E$17,$E$18))*AE50 -> 0 | AH50: =+AF50*$H$16 -> 0 | AI50: =+AG50+AH50 -> 0
A51: PROFESIONAL | C51: =VLOOKUP(B51,'DATOS ASIGNACIÓN'!B:I,4,0) -> #N/A | D51: =COUNTIFS('LISTADOS TFM'!D:D,Pagos!B51,'LISTADOS TFM'!S:S,"SÍ") -> 0 | E51: =COUNTIF('LISTADOS TFM'!J:L,Pagos!B51) -> 0 | G51: =IF($H$17<9,$E$16,IF($H$17=$D$17,$E$17,$E$18))*D51 -> 0 | H51: =+E51*$H$16 -> 0 | J51: =IF(I51="SÍ",H51*-1,0) -> 0 | K51: =+G51+H51 -> 0 | M51: =+D51 -> 0 | N51: =+E51 -> 0 | O51: =IF($H$17<9,$E$16,IF($H$17=$D$17,$E$17,$E$18))*M51 -> 0 | P51: =+N51*$H$16 -> 0 | Q51: =+O51+P51 -> 0 | S51: =+D51-M51 -> 0 | T51: =+E51-N51 -> 0 | U51: =IF($H$17<9,$E$16,IF($H$17=$D$17,$E$17,$E$18))*S51 -> 0 | V51: =+T51*$H$16 -> 0 | W51: =+U51+V51 -> 0 | Y51: =+D51-M51-S51 -> 0 | Z51: =+E51-N51-T51 -> 0 | AA51: =IF($H$17<9,$E$16,IF($H$17=$D$17,$E$17,$E$18))*Y51 -> 0 | AB51: =+Z51*$H$16 -> 0 | AC51: =+AA51+AB51 -> 0 | AE51: =+D51-M51-S51-Y51 -> 0 | AF51: =+E51-N51-T51-Z51 -> 0 | AG51: =IF($H$17<9,$E$16,IF($H$17=$D$17,$E$17,$E$18))*AE51 -> 0 | AH51: =+AF51*$H$16 -> 0 | AI51: =+AG51+AH51 -> 0
A52: PROFESIONAL | C52: =VLOOKUP(B52,'DATOS ASIGNACIÓN'!B:I,4,0) -> #N/A | D52: =COUNTIFS('LISTADOS TFM'!D:D,Pagos!B52,'LISTADOS TFM'!S:S,"SÍ") -> 0 | E52: =COUNTIF('LISTADOS TFM'!J:L,Pagos!B52) -> 0 | G52: =IF($H$17<9,$E$16,IF($H$17=$D$17,$E$17,$E$18))*D52 -> 0 | H52: =+E52*$H$16 -> 0 | J52: =IF(I52="SÍ",H52*-1,0) -> 0 | K52: =+G52+H52 -> 0 | M52: =+D52 -> 0 | N52: =+E52 -> 0 | O52: =IF($H$17<9,$E$16,IF($H$17=$D$17,$E$17,$E$18))*M52 -> 0 | P52: =+N52*$H$16 -> 0 | Q52: =+O52+P52 -> 0 | S52: =+D52-M52 -> 0 | T52: =+E52-N52 -> 0 | U52: =IF($H$17<9,$E$16,IF($H$17=$D$17,$E$17,$E$18))*S52 -> 0 | V52: =+T52*$H$16 -> 0 | W52: =+U52+V52 -> 0 | Y52: =+D52-M52-S52 -> 0 | Z52: =+E52-N52-T52 -> 0 | AA52: =IF($H$17<9,$E$16,IF($H$17=$D$17,$E$17,$E$18))*Y52 -> 0 | AB52: =+Z52*$H$16 -> 0 | AC52: =+AA52+AB52 -> 0 | AE52: =+D52-M52-S52-Y52 -> 0 | AF52: =+E52-N52-T52-Z52 -> 0 | AG52: =IF($H$17<9,$E$16,IF($H$17=$D$17,$E$17,$E$18))*AE52 -> 0 | AH52: =+AF52*$H$16 -> 0 | AI52: =+AG52+AH52 -> 0
A53: PROFESIONAL | C53: =VLOOKUP(B53,'DATOS ASIGNACIÓN'!B:I,4,0) -> #N/A | D53: =COUNTIFS('LISTADOS TFM'!D:D,Pagos!B53,'LISTADOS TFM'!S:S,"SÍ") -> 0 | E53: =COUNTIF('LISTADOS TFM'!J:L,Pagos!B53) -> 0 | G53: =IF($H$17<9,$E$16,IF($H$17=$D$17,$E$17,$E$18))*D53 -> 0 | H53: =+E53*$H$16 -> 0 | J53: =IF(I53="SÍ",H53*-1,0) -> 0 | K53: =+G53+H53 -> 0 | M53: =+D53 -> 0 | N53: =+E53 -> 0 | O53: =IF($H$17<9,$E$16,IF($H$17=$D$17,$E$17,$E$18))*M53 -> 0 | P53: =+N53*$H$16 -> 0 | Q53: =+O53+P53 -> 0 | S53: =+D53-M53 -> 0 | T53: =+E53-N53 -> 0 | U53: =IF($H$17<9,$E$16,IF($H$17=$D$17,$E$17,$E$18))*S53 -> 0 | V53: =+T53*$H$16 -> 0 | W53: =+U53+V53 -> 0 | Y53: =+D53-M53-S53 -> 0 | Z53: =+E53-N53-T53 -> 0 | AA53: =IF($H$17<9,$E$16,IF($H$17=$D$17,$E$17,$E$18))*Y53 -> 0 | AB53: =+Z53*$H$16 -> 0 | AC53: =+AA53+AB53 -> 0 | AE53: =+D53-M53-S53-Y53 -> 0 | AF53: =+E53-N53-T53-Z53 -> 0 | AG53: =IF($H$17<9,$E$16,IF($H$17=$D$17,$E$17,$E$18))*AE53 -> 0 | AH53: =+AF53*$H$16 -> 0 | AI53: =+AG53+AH53 -> 0
... A116: PROFESIONAL | C116: =VLOOKUP(B116,'DATOS ASIGNACIÓN'!B:I,4,0) -> #N/A | D116: =COUNTIFS('LISTADOS TFM'!D:D,Pagos!B116,'LISTADOS TFM'!S:S,"SÍ") -> 0 | E116: =COUNTIF('LISTADOS TFM'!J:L,Pagos!B116) -> 0 | G116: =IF($H$17<9,$E$16,IF($H$17=$D$17,$E$17,$E$18))*D116 -> 0 | H116: =+E116*$H$16 -> 0 | J116: =IF(I116="SÍ",H116*-1,0) -> 0 | K116: =+G116+H116 -> 0 | M116: =+D116 -> 0 | N116: =+E116 -> 0 | O116: =IF($H$17<9,$E$16,IF($H$17=$D$17,$E$17,$E$18))*M116 -> 0 | P116: =+N116*$H$16 -> 0 | Q116: =+O116+P116 -> 0 | S116: =+D116-M116 -> 0 | T116: =+E116-N116 -> 0 | U116: =IF($H$17<9,$E$16,IF($H$17=$D$17,$E$17,$E$18))*S116 -> 0 | V116: =+T116*$H$16 -> 0 | W116: =+U116+V116 -> 0 | Y116: =+D116-M116-S116 -> 0 | Z116: =+E116-N116-T116 -> 0 | AA116: =IF($H$17<9,$E$16,IF($H$17=$D$17,$E$17,$E$18))*Y116 -> 0 | AB116: =+Z116*$H$16 -> 0 | AC116: =+AA116+AB116 -> 0 | AE116: =+D116-M116-S116-Y116 -> 0 | AF116: =+E116-N116-T116-Z116 -> 0 | AG116: =IF($H$17<9,$E$16,IF($H$17=$D$17,$E$17,$E$18))*AE116 -> 0 | AH116: =+AF116*$H$16 -> 0 | AI116: =+AG116+AH116 -> 0
B120: Mercantil | C120: NIF Colaborador | D120: Num. tutorizaciones | E120: Num. tribunales | G120: €€ Tutorizaciones | H120: €€ Num.Tribunales | I120: PAGO ÍNTEGRO (cumplimentar "SÍ" si no han realizado todos los tribunales siguiendo la regla 1x3 pero hay que pasar el pago íntegro) | K120: IMPORTE TOTAL A ABONAR | L120: COMENTARIOS
A121: INVESTIGACION | C121: =VLOOKUP(B121,'DATOS ASIGNACIÓN'!B:I,4,0) -> #N/A | D121: =COUNTIFS('LISTADOS TFM'!D:D,Pagos!B121,'LISTADOS TFM'!S:S,"SÍ") -> 0 | E121: =COUNTIF('LISTADOS TFM'!J:L,Pagos!B121) -> 0 | F121: =IF(D121*3=E121,"OK",IF(D121*3<E121,"EXTRA","VALORAR")) -> OK | G121: =IF($H$18<9,$E$16,IF($H$18=$D$17,$E$17,$E$18))*D121 -> 0 | H121: =+E121*$H$16 -> 0 | J121: =IF(I121="SÍ",H121*-1,0) -> 0 | K121: =+G121+H121 -> 0
A122: INVESTIGACION | C122: =VLOOKUP(B122,'DATOS ASIGNACIÓN'!B:I,4,0) -> #N/A | D122: =COUNTIFS('LISTADOS TFM'!D:D,Pagos!B122,'LISTADOS TFM'!S:S,"SÍ") -> 0 | E122: =COUNTIF('LISTADOS TFM'!J:L,Pagos!B122) -> 0 | F122: =IF(D122*3=E122,"OK",IF(D122*3<E122,"EXTRA","VALORAR")) -> OK | G122: =IF($H$18<9,$E$16,IF($H$18=$D$17,$E$17,$E$18))*D122 -> 0 | H122: =+E122*$H$16 -> 0 | J122: =IF(I122="SÍ",H122*-1,0) -> 0 | K122: =+G122+H122 -> 0
A123: INVESTIGACION | C123: =VLOOKUP(B123,'DATOS ASIGNACIÓN'!B:I,4,0) -> #N/A | D123: =COUNTIFS('LISTADOS TFM'!D:D,Pagos!B123,'LISTADOS TFM'!S:S,"SÍ") -> 0 | E123: =COUNTIF('LISTADOS TFM'!J:L,Pagos!B123) -> 0 | F123: =IF(D123*3=E123,"OK",IF(D123*3<E123,"EXTRA","VALORAR")) -> OK | G123: =IF($H$18<9,$E$16,IF($H$18=$D$17,$E$17,$E$18))*D123 -> 0 | H123: =+E123*$H$16 -> 0 | J123: =IF(I123="SÍ",H123*-1,0) -> 0 | K123: =+G123+H123 -> 0
A124: INVESTIGACION | C124: =VLOOKUP(B124,'DATOS ASIGNACIÓN'!B:I,4,0) -> #N/A | D124: =COUNTIFS('LISTADOS TFM'!D:D,Pagos!B124,'LISTADOS TFM'!S:S,"SÍ") -> 0 | E124: =COUNTIF('LISTADOS TFM'!J:L,Pagos!B124) -> 0 | F124: =IF(D124*3=E124,"OK",IF(D124*3<E124,"EXTRA","VALORAR")) -> OK | G124: =IF($H$18<9,$E$16,IF($H$18=$D$17,$E$17,$E$18))*D124 -> 0 | H124: =+E124*$H$16 -> 0 | J124: =IF(I124="SÍ",H124*-1,0) -> 0 | K124: =+G124+H124 -> 0
A125: INVESTIGACION | C125: =VLOOKUP(B125,'DATOS ASIGNACIÓN'!B:I,4,0) -> #N/A | D125: =COUNTIFS('LISTADOS TFM'!D:D,Pagos!B125,'LISTADOS TFM'!S:S,"SÍ") -> 0 | E125: =COUNTIF('LISTADOS TFM'!J:L,Pagos!B125) -> 0 | F125: =IF(D125*3=E125,"OK",IF(D125*3<E125,"EXTRA","VALORAR")) -> OK | G125: =IF($H$18<9,$E$16,IF($H$18=$D$17,$E$17,$E$18))*D125 -> 0 | H125: =+E125*$H$16 -> 0 | J125: =IF(I125="SÍ",H125*-1,0) -> 0 | K125: =+G125+H125 -> 0
A126: INVESTIGACION | C126: =VLOOKUP(B126,'DATOS ASIGNACIÓN'!B:I,4,0) -> #N/A | D126: =COUNTIFS('LISTADOS TFM'!D:D,Pagos!B126,'LISTADOS TFM'!S:S,"SÍ") -> 0 | E126: =COUNTIF('LISTADOS TFM'!J:L,Pagos!B126) -> 0 | F126: =IF(D126*3=E126,"OK",IF(D126*3<E126,"EXTRA","VALORAR")) -> OK | G126: =IF($H$18<9,$E$16,IF($H$18=$D$17,$E$17,$E$18))*D126 -> 0 | H126: =+E126*$H$16 -> 0 | J126: =IF(I126="SÍ",H126*-1,0) -> 0 | K126: =+G126+H126 -> 0
A127: INVESTIGACION | C127: =VLOOKUP(B127,'DATOS ASIGNACIÓN'!B:I,4,0) -> #N/A | D127: =COUNTIFS('LISTADOS TFM'!D:D,Pagos!B127,'LISTADOS TFM'!S:S,"SÍ") -> 0 | E127: =COUNTIF('LISTADOS TFM'!J:L,Pagos!B127) -> 0 | F127: =IF(D127*3=E127,"OK",IF(D127*3<E127,"EXTRA","VALORAR")) -> OK | G127: =IF($H$18<9,$E$16,IF($H$18=$D$17,$E$17,$E$18))*D127 -> 0 | H127: =+E127*$H$16 -> 0 | J127: =IF(I127="SÍ",H127*-1,0) -> 0 | K127: =+G127+H127 -> 0
A128: INVESTIGACION | C128: =VLOOKUP(B128,'DATOS ASIGNACIÓN'!B:I,4,0) -> #N/A | D128: =COUNTIFS('LISTADOS TFM'!D:D,Pagos!B128,'LISTADOS TFM'!S:S,"SÍ") -> 0 | E128: =COUNTIF('LISTADOS TFM'!J:L,Pagos!B128) -> 0 | F128: =IF(D128*3=E128,"OK",IF(D128*3<E128,"EXTRA","VALORAR")) -> OK | G128: =IF($H$18<9,$E$16,IF($H$18=$D$17,$E$17,$E$18))*D128 -> 0 | H128: =+E128*$H$16 -> 0 | J128: =IF(I128="SÍ",H128*-1,0) -> 0 | K128: =+G128+H128 -> 0
A129: INVESTIGACION | C129: =VLOOKUP(B129,'DATOS ASIGNACIÓN'!B:I,4,0) -> #N/A | D129: =COUNTIFS('LISTADOS TFM'!D:D,Pagos!B129,'LISTADOS TFM'!S:S,"SÍ") -> 0 | E129: =COUNTIF('LISTADOS TFM'!J:L,Pagos!B129) -> 0 | F129: =IF(D129*3=E129,"OK",IF(D129*3<E129,"EXTRA","VALORAR")) -> OK | G129: =IF($H$18<9,$E$16,IF($H$18=$D$17,$E$17,$E$18))*D129 -> 0 | H129: =+E129*$H$16 -> 0 | J129: =IF(I129="SÍ",H129*-1,0) -> 0 | K129: =+G129+H129 -> 0
A130: INVESTIGACION | C130: =VLOOKUP(B130,'DATOS ASIGNACIÓN'!B:I,4,0) -> #N/A | D130: =COUNTIFS('LISTADOS TFM'!D:D,Pagos!B130,'LISTADOS TFM'!S:S,"SÍ") -> 0 | E130: =COUNTIF('LISTADOS TFM'!J:L,Pagos!B130) -> 0 | F130: =IF(D130*3=E130,"OK",IF(D130*3<E130,"EXTRA","VALORAR")) -> OK | G130: =IF($H$18<9,$E$16,IF($H$18=$D$17,$E$17,$E$18))*D130 -> 0 | H130: =+E130*$H$16 -> 0 | J130: =IF(I130="SÍ",H130*-1,0) -> 0 | K130: =+G130+H130 -> 0
A131: INVESTIGACION | C131: =VLOOKUP(B131,'DATOS ASIGNACIÓN'!B:I,4,0) -> #N/A | D131: =COUNTIFS('LISTADOS TFM'!D:D,Pagos!B131,'LISTADOS TFM'!S:S,"SÍ") -> 0 | E131: =COUNTIF('LISTADOS TFM'!J:L,Pagos!B131) -> 0 | F131: =IF(D131*3=E131,"OK",IF(D131*3<E131,"EXTRA","VALORAR")) -> OK | G131: =IF($H$18<9,$E$16,IF($H$18=$D$17,$E$17,$E$18))*D131 -> 0 | H131: =+E131*$H$16 -> 0 | J131: =IF(I131="SÍ",H131*-1,0) -> 0 | K131: =+G131+H131 -> 0
A132: INVESTIGACION | C132: =VLOOKUP(B132,'DATOS ASIGNACIÓN'!B:I,4,0) -> #N/A | D132: =COUNTIFS('LISTADOS TFM'!D:D,Pagos!B132,'LISTADOS TFM'!S:S,"SÍ") -> 0 | E132: =COUNTIF('LISTADOS TFM'!J:L,Pagos!B132) -> 0 | F132: =IF(D132*3=E132,"OK",IF(D132*3<E132,"EXTRA","VALORAR")) -> OK | G132: =IF($H$18<9,$E$16,IF($H$18=$D$17,$E$17,$E$18))*D132 -> 0 | H132: =+E132*$H$16 -> 0 | J132: =IF(I132="SÍ",H132*-1,0) -> 0 | K132: =+G132+H132 -> 0
... A146: INVESTIGACION | C146: =VLOOKUP(B146,'DATOS ASIGNACIÓN'!B:I,4,0) -> #N/A | D146: =COUNTIFS('LISTADOS TFM'!D:D,Pagos!B146,'LISTADOS TFM'!S:S,"SÍ") -> 0 | E146: =COUNTIF('LISTADOS TFM'!J:L,Pagos!B146) -> 0 | F146: =IF(D146*3=E146,"OK",IF(D146*3<E146,"EXTRA","VALORAR")) -> OK | G146: =IF($H$18<9,$E$16,IF($H$18=$D$17,$E$17,$E$18))*D146 -> 0 | H146: =+E146*$H$16 -> 0 | J146: =IF(I146="SÍ",H146*-1,0) -> 0 | K146: =+G146+H146 -> 0
A147: INVESTIGACION | C147: =VLOOKUP(B147,'DATOS ASIGNACIÓN'!B:I,4,0) -> #N/A | D147: =COUNTIFS('LISTADOS TFM'!D:D,Pagos!B147,'LISTADOS TFM'!S:S,"SÍ") -> 0 | E147: =COUNTIF('LISTADOS TFM'!J:L,Pagos!B147) -> 0 | F147: =IF(D147*3=E147,"OK",IF(D147*3<E147,"EXTRA","VALORAR")) -> OK | G147: =IF($H$18<9,$E$16,IF($H$18=$D$17,$E$17,$E$18))*D147 -> 0 | H147: =+E147*$H$16 -> 0 | J147: =IF(I147="SÍ",H147*-1,0) -> 0 | K147: =+G147+H147 -> 0 | M147: =+G147 -> 0 | N147: =+H147 -> 0 | O147: =+M147+N147 -> 0 | Q147: =+G147-M147 -> 0 | R147: =+H147-N147 -> 0 | S147: =+Q147+R147 -> 0 | U147: =+G147-(M147+Q147) -> 0 | V147: =+H147-(N147+R147) -> 0 | W147: =+U147+V147 -> 0 | Y147: =+G147-(M147+Q147+U147) -> 0 | Z147: =+H147-(N147+R147+V147) -> 0 | AA147: =+Y147+Z147 -> 0
A148: INVESTIGACION | C148: =VLOOKUP(B148,'DATOS ASIGNACIÓN'!B:I,4,0) -> #N/A | D148: =COUNTIFS('LISTADOS TFM'!D:D,Pagos!B148,'LISTADOS TFM'!S:S,"SÍ") -> 0 | E148: =COUNTIF('LISTADOS TFM'!J:L,Pagos!B148) -> 0 | F148: =IF(D148*3=E148,"OK",IF(D148*3<E148,"EXTRA","VALORAR")) -> OK | G148: =IF($H$18<9,$E$16,IF($H$18=$D$17,$E$17,$E$18))*D148 -> 0 | H148: =+E148*$H$16 -> 0 | J148: =IF(I148="SÍ",H148*-1,0) -> 0 | K148: =+G148+H148 -> 0 | M148: =+G148 -> 0 | N148: =+H148 -> 0 | O148: =+M148+N148 -> 0 | Q148: =+G148-M148 -> 0 | R148: =+H148-N148 -> 0 | S148: =+Q148+R148 -> 0 | U148: =+G148-(M148+Q148) -> 0 | V148: =+H148-(N148+R148) -> 0 | W148: =+U148+V148 -> 0 | Y148: =+G148-(M148+Q148+U148) -> 0 | Z148: =+H148-(N148+R148+V148) -> 0 | AA148: =+Y148+Z148 -> 0
A149: INVESTIGACION | C149: =VLOOKUP(B149,'DATOS ASIGNACIÓN'!B:I,4,0) -> #N/A | D149: =COUNTIFS('LISTADOS TFM'!D:D,Pagos!B149,'LISTADOS TFM'!S:S,"SÍ") -> 0 | E149: =COUNTIF('LISTADOS TFM'!J:L,Pagos!B149) -> 0 | F149: =IF(D149*3=E149,"OK",IF(D149*3<E149,"EXTRA","VALORAR")) -> OK | G149: =IF($H$18<9,$E$16,IF($H$18=$D$17,$E$17,$E$18))*D149 -> 0 | H149: =+E149*$H$16 -> 0 | J149: =IF(I149="SÍ",H149*-1,0) -> 0 | K149: =+G149+H149 -> 0 | M149: =+G149 -> 0 | N149: =+H149 -> 0 | O149: =+M149+N149 -> 0 | Q149: =+G149-M149 -> 0 | R149: =+H149-N149 -> 0 | S149: =+Q149+R149 -> 0 | U149: =+G149-(M149+Q149) -> 0 | V149: =+H149-(N149+R149) -> 0 | W149: =+U149+V149 -> 0 | Y149: =+G149-(M149+Q149+U149) -> 0 | Z149: =+H149-(N149+R149+V149) -> 0 | AA149: =+Y149+Z149 -> 0
A150: INVESTIGACION | C150: =VLOOKUP(B150,'DATOS ASIGNACIÓN'!B:I,4,0) -> #N/A | D150: =COUNTIFS('LISTADOS TFM'!D:D,Pagos!B150,'LISTADOS TFM'!S:S,"SÍ") -> 0 | E150: =COUNTIF('LISTADOS TFM'!J:L,Pagos!B150) -> 0 | F150: =IF(D150*3=E150,"OK",IF(D150*3<E150,"EXTRA","VALORAR")) -> OK | G150: =IF($H$18<9,$E$16,IF($H$18=$D$17,$E$17,$E$18))*D150 -> 0 | H150: =+E150*$H$16 -> 0 | J150: =IF(I150="SÍ",H150*-1,0) -> 0 | K150: =+G150+H150 -> 0 | M150: =+G150 -> 0 | N150: =+H150 -> 0 | O150: =+M150+N150 -> 0 | Q150: =+G150-M150 -> 0 | R150: =+H150-N150 -> 0 | S150: =+Q150+R150 -> 0 | U150: =+G150-(M150+Q150) -> 0 | V150: =+H150-(N150+R150) -> 0 | W150: =+U150+V150 -> 0 | Y150: =+G150-(M150+Q150+U150) -> 0 | Z150: =+H150-(N150+R150+V150) -> 0 | AA150: =+Y150+Z150 -> 0
A151: INVESTIGACION | C151: =VLOOKUP(B151,'DATOS ASIGNACIÓN'!B:I,4,0) -> #N/A | D151: =COUNTIFS('LISTADOS TFM'!D:D,Pagos!B151,'LISTADOS TFM'!S:S,"SÍ") -> 0 | E151: =COUNTIF('LISTADOS TFM'!J:L,Pagos!B151) -> 0 | F151: =IF(D151*3=E151,"OK",IF(D151*3<E151,"EXTRA","VALORAR")) -> OK | G151: =IF($H$18<9,$E$16,IF($H$18=$D$17,$E$17,$E$18))*D151 -> 0 | H151: =+E151*$H$16 -> 0 | J151: =IF(I151="SÍ",H151*-1,0) -> 0 | K151: =+G151+H151 -> 0 | M151: =+G151 -> 0 | N151: =+H151 -> 0 | O151: =+M151+N151 -> 0 | Q151: =+G151-M151 -> 0 | R151: =+H151-N151 -> 0 | S151: =+Q151+R151 -> 0 | U151: =+G151-(M151+Q151) -> 0 | V151: =+H151-(N151+R151) -> 0 | W151: =+U151+V151 -> 0 | Y151: =+G151-(M151+Q151+U151) -> 0 | Z151: =+H151-(N151+R151+V151) -> 0 | AA151: =+Y151+Z151 -> 0
A152: INVESTIGACION | C152: =VLOOKUP(B152,'DATOS ASIGNACIÓN'!B:I,4,0) -> #N/A | D152: =COUNTIFS('LISTADOS TFM'!D:D,Pagos!B152,'LISTADOS TFM'!S:S,"SÍ") -> 0 | E152: =COUNTIF('LISTADOS TFM'!J:L,Pagos!B152) -> 0 | F152: =IF(D152*3=E152,"OK",IF(D152*3<E152,"EXTRA","VALORAR")) -> OK | G152: =IF($H$18<9,$E$16,IF($H$18=$D$17,$E$17,$E$18))*D152 -> 0 | H152: =+E152*$H$16 -> 0 | J152: =IF(I152="SÍ",H152*-1,0) -> 0 | K152: =+G152+H152 -> 0 | M152: =+G152 -> 0 | N152: =+H152 -> 0 | O152: =+M152+N152 -> 0 | Q152: =+G152-M152 -> 0 | R152: =+H152-N152 -> 0 | S152: =+Q152+R152 -> 0 | U152: =+G152-(M152+Q152) -> 0 | V152: =+H152-(N152+R152) -> 0 | W152: =+U152+V152 -> 0 | Y152: =+G152-(M152+Q152+U152) -> 0 | Z152: =+H152-(N152+R152+V152) -> 0 | AA152: =+Y152+Z152 -> 0
A153: INVESTIGACION | C153: =VLOOKUP(B153,'DATOS ASIGNACIÓN'!B:I,4,0) -> #N/A | D153: =COUNTIFS('LISTADOS TFM'!D:D,Pagos!B153,'LISTADOS TFM'!S:S,"SÍ") -> 0 | E153: =COUNTIF('LISTADOS TFM'!J:L,Pagos!B153) -> 0 | F153: =IF(D153*3=E153,"OK",IF(D153*3<E153,"EXTRA","VALORAR")) -> OK | G153: =IF($H$18<9,$E$16,IF($H$18=$D$17,$E$17,$E$18))*D153 -> 0 | H153: =+E153*$H$16 -> 0 | J153: =IF(I153="SÍ",H153*-1,0) -> 0 | K153: =+G153+H153 -> 0 | M153: =+G153 -> 0 | N153: =+H153 -> 0 | O153: =+M153+N153 -> 0 | Q153: =+G153-M153 -> 0 | R153: =+H153-N153 -> 0 | S153: =+Q153+R153 -> 0 | U153: =+G153-(M153+Q153) -> 0 | V153: =+H153-(N153+R153) -> 0 | W153: =+U153+V153 -> 0 | Y153: =+G153-(M153+Q153+U153) -> 0 | Z153: =+H153-(N153+R153+V153) -> 0 | AA153: =+Y153+Z153 -> 0
A154: INVESTIGACION | C154: =VLOOKUP(B154,'DATOS ASIGNACIÓN'!B:I,4,0) -> #N/A | D154: =COUNTIFS('LISTADOS TFM'!D:D,Pagos!B154,'LISTADOS TFM'!S:S,"SÍ") -> 0 | E154: =COUNTIF('LISTADOS TFM'!J:L,Pagos!B154) -> 0 | F154: =IF(D154*3=E154,"OK",IF(D154*3<E154,"EXTRA","VALORAR")) -> OK | G154: =IF($H$18<9,$E$16,IF($H$18=$D$17,$E$17,$E$18))*D154 -> 0 | H154: =+E154*$H$16 -> 0 | J154: =IF(I154="SÍ",H154*-1,0) -> 0 | K154: =+G154+H154 -> 0 | M154: =+G154 -> 0 | N154: =+H154 -> 0 | O154: =+M154+N154 -> 0 | Q154: =+G154-M154 -> 0 | R154: =+H154-N154 -> 0 | S154: =+Q154+R154 -> 0 | U154: =+G154-(M154+Q154) -> 0 | V154: =+H154-(N154+R154) -> 0 | W154: =+U154+V154 -> 0 | Y154: =+G154-(M154+Q154+U154) -> 0 | Z154: =+H154-(N154+R154+V154) -> 0 | AA154: =+Y154+Z154 -> 0
A155: INVESTIGACION | C155: =VLOOKUP(B155,'DATOS ASIGNACIÓN'!B:I,4,0) -> #N/A | D155: =COUNTIFS('LISTADOS TFM'!D:D,Pagos!B155,'LISTADOS TFM'!S:S,"SÍ") -> 0 | E155: =COUNTIF('LISTADOS TFM'!J:L,Pagos!B155) -> 0 | F155: =IF(D155*3=E155,"OK",IF(D155*3<E155,"EXTRA","VALORAR")) -> OK | G155: =IF($H$18<9,$E$16,IF($H$18=$D$17,$E$17,$E$18))*D155 -> 0 | H155: =+E155*$H$16 -> 0 | J155: =IF(I155="SÍ",H155*-1,0) -> 0 | K155: =+G155+H155 -> 0 | M155: =+G155 -> 0 | N155: =+H155 -> 0 | O155: =+M155+N155 -> 0 | Q155: =+G155-M155 -> 0 | R155: =+H155-N155 -> 0 | S155: =+Q155+R155 -> 0 | U155: =+G155-(M155+Q155) -> 0 | V155: =+H155-(N155+R155) -> 0 | W155: =+U155+V155 -> 0 | Y155: =+G155-(M155+Q155+U155) -> 0 | Z155: =+H155-(N155+R155+V155) -> 0 | AA155: =+Y155+Z155 -> 0
A156: INVESTIGACION | C156: =VLOOKUP(B156,'DATOS ASIGNACIÓN'!B:I,4,0) -> #N/A | D156: =COUNTIFS('LISTADOS TFM'!D:D,Pagos!B156,'LISTADOS TFM'!S:S,"SÍ") -> 0 | E156: =COUNTIF('LISTADOS TFM'!J:L,Pagos!B156) -> 0 | F156: =IF(D156*3=E156,"OK",IF(D156*3<E156,"EXTRA","VALORAR")) -> OK | G156: =IF($H$18<9,$E$16,IF($H$18=$D$17,$E$17,$E$18))*D156 -> 0 | H156: =+E156*$H$16 -> 0 | J156: =IF(I156="SÍ",H156*-1,0) -> 0 | K156: =+G156+H156 -> 0 | M156: =+G156 -> 0 | N156: =+H156 -> 0 | O156: =+M156+N156 -> 0 | Q156: =+G156-M156 -> 0 | R156: =+H156-N156 -> 0 | S156: =+Q156+R156 -> 0 | U156: =+G156-(M156+Q156) -> 0 | V156: =+H156-(N156+R156) -> 0 | W156: =+U156+V156 -> 0 | Y156: =+G156-(M156+Q156+U156) -> 0 | Z156: =+H156-(N156+R156+V156) -> 0 | AA156: =+Y156+Z156 -> 0
A157: INVESTIGACION | C157: =VLOOKUP(B157,'DATOS ASIGNACIÓN'!B:I,4,0) -> #N/A | D157: =COUNTIFS('LISTADOS TFM'!D:D,Pagos!B157,'LISTADOS TFM'!S:S,"SÍ") -> 0 | E157: =COUNTIF('LISTADOS TFM'!J:L,Pagos!B157) -> 0 | F157: =IF(D157*3=E157,"OK",IF(D157*3<E157,"EXTRA","VALORAR")) -> OK | G157: =IF($H$18<9,$E$16,IF($H$18=$D$17,$E$17,$E$18))*D157 -> 0 | H157: =+E157*$H$16 -> 0 | J157: =IF(I157="SÍ",H157*-1,0) -> 0 | K157: =+G157+H157 -> 0 | M157: =+G157 -> 0 | N157: =+H157 -> 0 | O157: =+M157+N157 -> 0 | Q157: =+G157-M157 -> 0 | R157: =+H157-N157 -> 0 | S157: =+Q157+R157 -> 0 | U157: =+G157-(M157+Q157) -> 0 | V157: =+H157-(N157+R157) -> 0 | W157: =+U157+V157 -> 0 | Y157: =+G157-(M157+Q157+U157) -> 0 | Z157: =+H157-(N157+R157+V157) -> 0 | AA157: =+Y157+Z157 -> 0
A158: INVESTIGACION | C158: =VLOOKUP(B158,'DATOS ASIGNACIÓN'!B:I,4,0) -> #N/A | D158: =COUNTIFS('LISTADOS TFM'!D:D,Pagos!B158,'LISTADOS TFM'!S:S,"SÍ") -> 0 | E158: =COUNTIF('LISTADOS TFM'!J:L,Pagos!B158) -> 0 | F158: =IF(D158*3=E158,"OK",IF(D158*3<E158,"EXTRA","VALORAR")) -> OK | G158: =IF($H$18<9,$E$16,IF($H$18=$D$17,$E$17,$E$18))*D158 -> 0 | H158: =+E158*$H$16 -> 0 | J158: =IF(I158="SÍ",H158*-1,0) -> 0 | K158: =+G158+H158 -> 0 | M158: =+G158 -> 0 | N158: =+H158 -> 0 | O158: =+M158+N158 -> 0 | Q158: =+G158-M158 -> 0 | R158: =+H158-N158 -> 0 | S158: =+Q158+R158 -> 0 | U158: =+G158-(M158+Q158) -> 0 | V158: =+H158-(N158+R158) -> 0 | W158: =+U158+V158 -> 0 | Y158: =+G158-(M158+Q158+U158) -> 0 | Z158: =+H158-(N158+R158+V158) -> 0 | AA158: =+Y158+Z158 -> 0
... A200: INVESTIGACION | C200: =VLOOKUP(B200,'DATOS ASIGNACIÓN'!B:I,4,0) -> #N/A | D200: =COUNTIFS('LISTADOS TFM'!D:D,Pagos!B200,'LISTADOS TFM'!S:S,"SÍ") -> 0 | E200: =COUNTIF('LISTADOS TFM'!J:L,Pagos!B200) -> 0 | F200: =IF(D200*3=E200,"OK",IF(D200*3<E200,"EXTRA","VALORAR")) -> OK | G200: =IF($H$18<9,$E$16,IF($H$18=$D$17,$E$17,$E$18))*D200 -> 0 | H200: =+E200*$H$16 -> 0 | J200: =IF(I200="SÍ",H200*-1,0) -> 0 | K200: =+G200+H200 -> 0 | M200: =+G200 -> 0 | N200: =+H200 -> 0 | O200: =+M200+N200 -> 0 | Q200: =+G200-M200 -> 0 | R200: =+H200-N200 -> 0 | S200: =+Q200+R200 -> 0 | U200: =+G200-(M200+Q200) -> 0 | V200: =+H200-(N200+R200) -> 0 | W200: =+U200+V200 -> 0 | Y200: =+G200-(M200+Q200+U200) -> 0 | Z200: =+H200-(N200+R200+V200) -> 0 | AA200: =+Y200+Z200 -> 0
